"","Sample1","Sample2","Sample3","Sample4","Sample5","Sample6","Sample7","Sample8","Sample9","Sample10"
"Gene1",74,85,89,25,41,6,49,11,10,25
"Gene2",88,64,89,90,55,69,21,76,93,79
"Gene3",63,12,38,83,74,46,16,24,72,91
"Gene4",49,76,75,21,38,45,14,48,4,80
"Gene5",26,6,100,4,54,74,36,59,3,46
"Gene6",24,16,44,30,92,58,45,16,36,20
"Gene7",7,63,54,80,21,45,22,7,14,95
"Gene8",51,97,94,82,95,72,78,75,47,74
"Gene9",59,67,55,31,72,52,80,79,25,31
"Gene10",54,40,71,43,75,21,30,60,0,39
"Gene11",34,61,82,79,17,25,79,5,42,22
"Gene12",27,33,29,30,3,15,77,99,5,83
"Gene13",35,3,8,30,67,73,32,23,59,70
"Gene14",59,35,76,5,78,89,21,1,17,5
"Gene15",2,91,35,92,38,83,81,2,57,10
"Gene16",6,69,38,82,78,88,2,41,72,6
"Gene17",52,82,30,63,35,32,41,97,1,37
"Gene18",75,79,66,12,49,89,58,39,7,27
"Gene19",3,60,1,84,82,36,38,77,68,51
"Gene20",29,79,49,37,59,27,19,71,26,48
"Gene21",13,72,29,86,0,65,26,81,72,45
"Gene22",52,87,2,34,78,55,36,18,50,37
"Gene23",22,46,88,82,24,62,86,89,44,32
"Gene24",38,77,66,71,21,72,80,45,19,74
"Gene25",2,67,48,86,61,78,33,21,34,37
"Gene26",83,50,90,65,100,88,22,59,96,36
"Gene27",91,20,27,37,76,28,94,41,76,25
"Gene28",83,98,89,17,16,32,47,53,28,50
"Gene29",39,10,60,2,77,74,7,42,20,8
"Gene30",96,52,37,64,25,46,3,13,59,16
"Gene31",54,21,98,87,81,98,99,85,66,19
"Gene32",71,84,69,48,0,57,86,77,7,81
"Gene33",3,93,16,62,20,17,9,29,80,32
"Gene34",93,6,88,46,96,47,90,1,42,17
"Gene35",72,43,61,99,98,67,81,50,92,99
"Gene36",93,95,82,8,4,75,97,52,82,54
"Gene37",92,78,40,20,32,39,35,70,34,80
"Gene38",68,59,91,23,93,19,69,75,15,49
"Gene39",29,46,58,3,54,77,48,53,90,25
"Gene40",2,83,35,97,16,3,79,3,19,85
"Gene41",33,99,83,98,30,16,31,76,99,19
"Gene42",88,92,35,92,45,98,69,62,54,64
"Gene43",32,26,21,2,94,29,15,75,40,45
"Gene44",44,30,86,98,29,56,2,57,3,14
"Gene45",73,59,51,34,32,62,54,33,5,29
"Gene46",24,33,83,33,13,80,8,18,29,63
"Gene47",30,75,90,61,95,84,75,7,28,99
"Gene48",12,83,11,25,92,2,92,0,34,25
"Gene49",77,53,90,35,83,89,55,96,16,21
"Gene50",14,42,11,80,26,42,77,70,89,80
"Gene51",67,75,75,4,59,72,23,62,55,39
"Gene52",36,92,64,81,29,14,20,51,27,10
"Gene53",36,66,52,37,2,15,22,95,69,71
"Gene54",85,68,99,46,82,94,35,58,51,40
"Gene55",82,99,41,55,98,40,7,77,72,13
"Gene56",42,11,3,97,33,64,98,48,78,22
"Gene57",85,88,43,5,44,46,3,46,14,62
"Gene58",20,20,62,63,84,45,43,42,39,84
"Gene59",26,82,10,98,62,13,79,61,79,35
"Gene60",62,33,18,9,83,81,32,87,32,61
"Gene61",51,42,62,41,81,50,43,92,9,1
"Gene62",15,29,82,15,73,11,6,4,3,11
"Gene63",93,48,27,58,54,94,89,49,78,16
"Gene64",71,28,73,30,17,90,90,37,99,58
"Gene65",52,16,37,18,80,27,23,7,44,76
"Gene66",19,85,81,61,47,6,9,95,11,3
"Gene67",71,77,60,88,51,76,28,84,3,58
"Gene68",55,74,21,57,85,77,49,10,13,18
"Gene69",64,78,99,98,7,29,98,87,58,42
"Gene70",50,38,27,7,75,38,90,91,47,78
"Gene71",16,56,79,26,55,36,75,67,91,16
"Gene72",9,99,99,58,14,15,88,6,96,68
"Gene73",92,9,72,46,20,99,33,5,57,21
"Gene74",82,91,86,75,61,68,48,20,92,33
"Gene75",66,97,30,12,79,49,83,63,49,30
"Gene76",83,18,28,69,37,66,85,7,67,4
"Gene77",13,27,12,89,97,43,55,10,45,33
"Gene78",22,7,41,29,67,84,35,62,94,34
"Gene79",68,100,36,89,57,51,74,64,88,86
"Gene80",97,11,99,10,83,17,44,21,2,49
"Gene81",84,21,41,19,67,39,44,70,95,18
"Gene82",58,41,55,54,70,11,6,71,89,24
"Gene83",69,29,23,52,77,47,59,71,97,87
"Gene84",37,46,53,5,32,80,18,52,80,75
"Gene85",41,77,55,50,17,13,24,2,10,60
"Gene86",38,58,7,85,43,57,20,27,22,64
"Gene87",51,10,75,8,65,69,22,87,77,75
"Gene88",55,65,64,41,49,15,50,35,43,72
"Gene89",17,4,49,9,80,87,51,74,41,33
"Gene90",21,29,15,2,6,83,96,32,24,52
"Gene91",72,74,1,76,34,63,56,9,33,80
"Gene92",12,98,1,24,88,12,4,47,60,69
"Gene93",49,97,85,59,30,62,73,11,89,10
"Gene94",81,90,32,58,44,41,18,84,86,20
"Gene95",19,10,2,40,1,19,64,39,76,13
"Gene96",25,57,68,93,14,18,68,67,33,3
"Gene97",40,7,62,49,24,65,50,90,20,13
"Gene98",15,91,81,69,89,95,38,46,50,45
"Gene99",30,95,44,37,26,96,73,30,13,62
"Gene100",56,52,85,27,66,23,56,64,76,95
"Gene101",90,40,51,68,66,37,60,5,8,86
"Gene102",64,42,63,42,89,53,58,36,26,52
"Gene103",53,17,10,33,80,79,56,39,90,79
"Gene104",91,50,14,66,71,91,61,78,49,81
"Gene105",4,41,7,90,6,15,87,49,92,40
"Gene106",38,75,65,29,13,7,88,78,3,29
"Gene107",36,66,90,72,68,25,1,93,53,65
"Gene108",75,52,4,60,97,87,46,58,93,6
"Gene109",92,11,80,82,87,11,81,71,42,34
"Gene110",7,58,74,89,37,55,42,87,64,47
"Gene111",0,59,48,49,73,17,59,70,31,8
"Gene112",42,91,93,26,60,34,16,95,29,89
"Gene113",3,11,9,89,5,37,44,73,59,57
"Gene114",97,43,90,58,2,67,48,12,59,14
"Gene115",17,23,84,75,69,62,20,68,76,32
"Gene116",36,16,26,51,47,64,97,66,14,85
"Gene117",13,60,95,6,93,66,21,69,29,72
"Gene118",24,56,33,84,15,82,10,11,72,20
"Gene119",38,66,94,78,94,62,7,51,86,87
"Gene120",79,80,8,25,50,55,55,61,52,49
"Gene121",63,68,15,33,6,90,9,70,63,68
"Gene122",44,21,47,17,68,23,94,20,96,37
"Gene123",73,47,27,62,80,10,38,54,39,5
"Gene124",46,7,78,60,56,83,60,68,46,46
"Gene125",77,43,15,15,16,6,93,58,89,21
"Gene126",71,35,4,74,55,18,51,63,41,52
"Gene127",4,49,14,5,44,54,94,47,29,87
"Gene128",96,66,80,84,19,76,68,77,66,63
"Gene129",30,61,44,52,44,56,20,6,67,79
"Gene130",53,13,42,6,18,2,46,65,21,54
"Gene131",39,67,16,78,28,69,72,83,35,25
"Gene132",46,16,7,11,57,18,61,33,63,15
"Gene133",97,36,33,60,76,18,32,14,11,60
"Gene134",36,1,56,25,40,24,48,69,71,62
"Gene135",83,92,4,66,60,29,27,78,81,68
"Gene136",65,98,71,3,72,89,48,72,24,91
"Gene137",47,38,61,4,9,50,55,68,49,99
"Gene138",8,62,19,83,95,96,26,32,40,8
"Gene139",19,85,21,44,9,26,11,15,88,77
"Gene140",0,72,55,65,71,69,35,49,91,9
"Gene141",92,78,69,8,45,43,23,21,34,68
"Gene142",47,56,100,79,79,35,47,83,59,97
"Gene143",54,78,43,3,81,11,8,71,79,79
"Gene144",94,54,47,95,81,19,8,22,13,68
"Gene145",4,45,40,77,79,97,49,76,63,48
"Gene146",12,69,49,79,91,74,27,46,3,68
"Gene147",63,59,7,17,68,48,72,96,38,72
"Gene148",81,71,73,1,14,27,55,91,44,44
"Gene149",22,38,53,92,30,55,22,82,27,41
"Gene150",27,67,17,72,73,11,92,63,99,73
"Gene151",19,30,29,87,2,82,25,39,7,64
"Gene152",39,30,22,47,13,9,22,10,71,97
"Gene153",88,44,90,83,70,96,12,5,55,75
"Gene154",59,52,23,18,31,51,65,67,73,25
"Gene155",54,62,28,41,58,72,67,13,16,3
"Gene156",19,73,14,32,85,57,92,71,23,64
"Gene157",77,84,84,32,6,49,15,23,73,21
"Gene158",43,17,69,97,34,91,42,31,68,50
"Gene159",86,65,50,13,100,53,82,0,20,5
"Gene160",6,38,89,76,94,48,67,85,5,16
"Gene161",90,55,43,92,60,33,66,38,81,32
"Gene162",90,71,41,50,10,49,57,11,64,47
"Gene163",32,2,71,69,77,67,4,70,4,4
"Gene164",6,73,14,50,45,93,36,43,21,49
"Gene165",64,21,6,35,94,68,83,43,97,52
"Gene166",83,96,84,83,90,67,26,36,81,16
"Gene167",13,51,2,29,59,44,88,19,85,51
"Gene168",23,31,16,87,2,27,29,75,69,2
"Gene169",94,55,78,0,20,70,12,81,70,78
"Gene170",13,23,91,98,29,29,74,4,21,63
"Gene171",73,67,75,44,94,92,86,85,56,95
"Gene172",57,43,60,72,1,76,61,94,41,3
"Gene173",41,70,19,44,42,58,72,24,53,97
"Gene174",11,95,77,58,17,59,96,97,43,33
"Gene175",65,28,58,33,13,22,37,69,89,83
"Gene176",67,55,0,64,61,46,1,11,38,31
"Gene177",97,49,27,80,87,9,85,99,56,9
"Gene178",49,72,35,54,52,90,10,31,29,20
"Gene179",21,19,28,44,85,85,89,94,81,69
"Gene180",9,0,7,51,34,52,81,76,92,47
"Gene181",90,64,25,8,98,66,25,11,35,22
"Gene182",95,26,17,14,1,41,68,85,47,61
"Gene183",21,55,75,11,3,63,89,83,23,59
"Gene184",69,28,41,41,7,10,14,39,32,91
"Gene185",25,86,42,35,23,8,37,90,41,40
"Gene186",39,90,10,22,1,94,11,69,22,23
"Gene187",18,97,82,34,56,23,71,51,9,6
"Gene188",76,68,83,49,57,6,52,70,8,89
"Gene189",1,54,59,44,53,77,67,23,71,3
"Gene190",66,68,18,46,48,67,76,54,10,39
"Gene191",78,46,64,97,35,83,60,77,79,56
"Gene192",97,67,47,65,99,53,40,38,78,8
"Gene193",2,47,74,38,100,54,55,82,78,8
"Gene194",45,75,79,93,55,99,53,48,60,36
"Gene195",81,70,79,3,88,91,91,71,29,36
"Gene196",6,66,63,82,4,12,56,14,5,55
"Gene197",56,50,62,64,2,75,15,55,61,31
"Gene198",70,60,87,97,19,52,14,99,39,100
"Gene199",60,39,0,15,43,29,60,13,11,17
"Gene200",51,90,70,52,89,40,80,47,56,89
"Gene201",13,45,6,90,25,12,70,37,73,99
"Gene202",95,23,64,18,21,64,51,40,96,86
"Gene203",3,75,97,33,89,45,85,79,24,35
"Gene204",55,62,50,70,64,60,13,61,14,53
"Gene205",95,60,7,47,80,0,59,34,12,20
"Gene206",18,63,65,97,21,6,67,30,68,72
"Gene207",69,1,72,73,1,51,36,57,46,19
"Gene208",56,18,68,15,69,31,96,5,40,93
"Gene209",21,68,74,33,5,13,7,60,56,78
"Gene210",18,5,39,97,38,9,78,18,9,80
"Gene211",52,82,75,3,46,13,60,37,28,37
"Gene212",13,25,93,95,67,90,27,84,41,61
"Gene213",7,75,69,27,65,14,17,41,95,32
"Gene214",8,11,34,93,56,99,82,78,18,57
"Gene215",91,4,99,73,49,96,19,61,11,12
"Gene216",86,33,64,96,85,8,12,30,2,98
"Gene217",76,92,48,51,71,58,77,8,51,0
"Gene218",92,78,56,79,22,96,83,56,31,93
"Gene219",0,1,55,33,75,7,37,72,11,36
"Gene220",70,13,1,54,86,98,41,79,36,46
"Gene221",50,55,58,70,78,12,59,62,72,69
"Gene222",15,86,11,22,59,25,92,86,25,19
"Gene223",99,14,42,58,11,84,99,79,26,33
"Gene224",9,45,83,42,51,61,6,66,4,26
"Gene225",61,87,90,53,74,87,20,93,78,75
"Gene226",59,5,17,51,74,9,5,6,2,54
"Gene227",53,10,82,24,34,60,89,48,13,78
"Gene228",87,62,35,55,92,49,77,88,0,97
"Gene229",82,57,2,71,80,75,25,66,57,85
"Gene230",47,70,48,86,63,86,97,2,95,10
"Gene231",77,58,18,89,75,81,46,29,2,9
"Gene232",58,64,49,52,30,9,69,73,35,35
"Gene233",70,87,88,29,84,55,9,30,50,98
"Gene234",37,10,14,17,32,19,32,80,80,66
"Gene235",31,2,69,88,90,40,62,18,55,20
"Gene236",99,76,76,23,36,54,56,77,6,74
"Gene237",31,97,95,55,10,37,77,83,66,34
"Gene238",63,22,49,83,78,28,98,100,67,86
"Gene239",98,49,36,19,74,93,29,19,34,72
"Gene240",90,9,52,6,73,62,96,46,99,38
"Gene241",85,20,99,24,48,70,43,91,15,15
"Gene242",63,8,52,4,59,32,34,6,43,18
"Gene243",30,85,55,92,99,34,85,71,82,90
"Gene244",41,35,31,72,7,95,2,41,35,70
"Gene245",37,11,63,82,8,51,97,50,14,47
"Gene246",12,41,61,86,26,80,47,13,93,35
"Gene247",5,81,48,48,81,12,19,32,99,39
"Gene248",26,44,60,84,44,24,43,41,36,37
"Gene249",67,38,16,85,66,62,88,52,16,59
"Gene250",54,69,94,14,46,45,18,92,82,81
"Gene251",57,35,68,79,81,10,96,81,63,59
"Gene252",76,4,7,32,40,71,15,67,15,48
"Gene253",82,88,57,76,23,96,54,91,50,64
"Gene254",93,12,82,16,81,82,75,75,13,90
"Gene255",50,58,66,45,96,44,22,78,57,85
"Gene256",40,81,41,96,6,33,8,29,49,68
"Gene257",59,54,62,43,57,60,20,57,14,4
"Gene258",67,77,14,71,57,83,12,87,92,77
"Gene259",74,14,63,64,55,32,12,38,94,35
"Gene260",28,25,14,27,16,74,76,70,99,92
"Gene261",87,16,34,49,63,98,44,70,92,48
"Gene262",61,93,25,70,28,79,55,87,60,45
"Gene263",34,57,57,65,58,56,81,91,25,88
"Gene264",17,52,72,35,91,52,58,37,55,6
"Gene265",74,27,13,65,25,83,38,98,34,54
"Gene266",36,39,45,77,80,57,81,33,33,68
"Gene267",63,11,72,24,65,16,62,90,55,56
"Gene268",83,26,77,44,3,87,12,90,95,87
"Gene269",9,72,91,38,92,80,48,5,43,93
"Gene270",44,47,53,14,27,41,96,38,27,17
"Gene271",4,72,14,44,62,54,53,86,20,77
"Gene272",36,3,25,44,42,34,4,62,1,6
"Gene273",68,35,65,64,26,5,8,0,70,54
"Gene274",42,64,27,99,66,86,10,29,85,29
"Gene275",56,28,59,69,68,8,40,79,11,44
"Gene276",96,79,34,12,6,62,1,62,83,2
"Gene277",54,57,14,10,46,63,62,43,55,12
"Gene278",6,7,69,27,38,18,81,2,8,79
"Gene279",96,60,6,53,21,27,60,54,8,10
"Gene280",10,23,9,34,45,15,27,89,79,77
"Gene281",3,91,62,0,53,76,41,83,2,95
"Gene282",58,96,15,67,5,58,75,99,71,1
"Gene283",48,67,76,71,10,39,16,88,53,29
"Gene284",41,6,7,11,37,67,80,49,46,77
"Gene285",24,33,8,36,99,8,8,3,27,89
"Gene286",16,86,76,3,74,57,15,33,1,12
"Gene287",84,44,35,65,5,68,76,84,98,48
"Gene288",19,13,50,16,73,59,68,17,95,97
"Gene289",2,69,82,27,6,6,29,10,99,14
"Gene290",42,22,39,49,34,84,80,13,1,92
"Gene291",35,82,44,85,67,72,62,90,19,95
"Gene292",99,28,46,65,88,92,56,11,13,59
"Gene293",39,21,27,39,82,4,33,2,28,49
"Gene294",21,21,10,7,5,29,5,11,8,13
"Gene295",65,32,49,38,17,8,4,86,19,12
"Gene296",59,11,81,22,79,57,100,40,28,60
"Gene297",70,90,79,4,2,8,33,56,42,65
"Gene298",87,93,37,26,62,44,99,82,25,58
"Gene299",65,53,59,63,34,51,32,55,24,71
"Gene300",10,95,42,17,86,78,88,98,40,11
"Gene301",70,37,26,18,51,10,43,23,19,54
"Gene302",18,97,41,4,85,67,9,39,55,35
"Gene303",19,78,31,5,20,23,78,51,28,60
"Gene304",38,22,8,69,55,84,35,19,92,57
"Gene305",10,73,12,41,36,68,91,53,38,77
"Gene306",76,94,71,27,27,67,54,34,38,25
"Gene307",45,74,91,88,16,19,70,62,47,69
"Gene308",85,41,62,59,16,37,4,41,60,29
"Gene309",93,27,72,73,19,5,77,42,18,52
"Gene310",86,30,74,90,42,74,1,6,31,0
"Gene311",21,64,81,96,6,76,34,10,0,44
"Gene312",77,92,91,54,4,73,46,22,25,12
"Gene313",51,20,15,23,6,81,54,86,89,92
"Gene314",20,97,72,53,28,4,35,11,15,36
"Gene315",45,74,4,34,6,31,57,18,11,29
"Gene316",41,88,48,64,23,58,62,85,51,6
"Gene317",3,69,1,7,29,43,87,100,53,66
"Gene318",68,29,96,19,70,3,65,9,69,66
"Gene319",74,25,52,17,93,24,54,93,60,83
"Gene320",31,45,56,30,39,74,24,55,86,92
"Gene321",1,42,46,96,42,75,67,60,12,58
"Gene322",1,53,61,16,79,46,53,69,22,41
"Gene323",68,72,48,84,48,14,82,93,39,24
"Gene324",18,97,81,9,87,64,71,56,35,64
"Gene325",0,58,10,61,20,33,88,5,93,70
"Gene326",33,67,12,21,11,14,90,31,66,12
"Gene327",30,3,22,7,8,75,19,68,43,85
"Gene328",68,26,44,50,76,44,58,83,79,9
"Gene329",86,33,24,96,30,1,40,13,9,16
"Gene330",78,79,67,37,88,92,35,8,73,13
"Gene331",24,87,56,64,61,18,50,9,28,74
"Gene332",71,91,85,45,61,84,76,19,97,77
"Gene333",3,86,17,97,34,92,83,46,87,32
"Gene334",15,42,44,38,88,80,29,16,3,99
"Gene335",45,97,92,36,88,45,12,20,95,84
"Gene336",64,87,5,71,86,1,95,32,80,60
"Gene337",17,51,82,74,55,93,8,38,68,65
"Gene338",41,71,49,57,89,99,73,25,73,4
"Gene339",44,43,41,24,24,89,94,62,85,45
"Gene340",3,80,32,80,55,11,7,68,23,99
"Gene341",17,67,45,91,73,81,63,52,23,84
"Gene342",81,23,24,87,67,88,99,77,51,65
"Gene343",56,45,14,20,48,68,17,19,28,55
"Gene344",80,9,99,40,85,35,42,95,7,16
"Gene345",8,5,16,71,66,57,7,93,2,20
"Gene346",54,38,74,20,43,44,11,96,77,80
"Gene347",54,70,5,12,4,50,81,93,92,54
"Gene348",41,61,69,7,18,50,59,38,7,91
"Gene349",23,60,7,13,32,38,86,53,13,23
"Gene350",11,87,0,78,75,51,83,92,35,62
"Gene351",7,73,7,5,75,61,37,1,53,56
"Gene352",18,90,66,44,33,84,55,58,93,61
"Gene353",43,1,68,13,84,68,12,10,80,86
"Gene354",42,8,19,1,54,39,33,77,34,90
"Gene355",66,66,16,7,4,67,64,52,56,23
"Gene356",10,71,18,1,29,30,67,88,78,14
"Gene357",14,98,16,34,55,91,8,26,19,84
"Gene358",51,86,28,27,74,13,26,25,70,75
"Gene359",94,9,22,34,76,75,84,61,73,14
"Gene360",74,15,2,48,86,79,7,12,45,87
"Gene361",88,88,32,50,99,1,77,13,15,28
"Gene362",23,92,7,74,19,3,80,81,2,70
"Gene363",56,92,38,37,20,78,20,0,78,28
"Gene364",71,16,78,89,3,57,91,28,97,65
"Gene365",46,4,16,84,34,5,37,82,13,62
"Gene366",14,52,68,19,32,35,78,78,44,54
"Gene367",70,10,69,51,61,13,93,94,51,9
"Gene368",35,65,27,64,33,7,82,6,88,70
"Gene369",4,83,9,93,51,42,78,38,52,80
"Gene370",77,97,43,93,33,6,61,1,7,50
"Gene371",67,33,77,81,13,83,31,99,65,90
"Gene372",92,85,28,29,74,44,70,65,88,83
"Gene373",67,41,87,81,47,85,10,66,21,75
"Gene374",16,42,18,66,63,71,49,22,58,65
"Gene375",19,48,25,62,45,61,76,57,70,11
"Gene376",98,24,55,67,18,13,81,48,29,86
"Gene377",63,28,22,8,35,54,37,85,37,59
"Gene378",86,34,98,94,42,98,21,54,9,66
"Gene379",39,82,29,79,77,14,71,70,29,15
"Gene380",82,51,5,44,3,9,33,35,93,80
"Gene381",68,0,97,60,93,13,89,93,73,29
"Gene382",71,99,35,2,89,81,68,42,35,10
"Gene383",16,48,19,49,56,44,74,94,28,98
"Gene384",3,35,2,39,21,84,81,8,74,48
"Gene385",28,35,1,74,12,64,94,28,86,7
"Gene386",76,39,2,14,43,5,50,46,21,62
"Gene387",83,53,91,95,98,24,66,68,55,99
"Gene388",64,53,89,30,30,21,54,54,63,62
"Gene389",38,74,75,32,59,92,98,4,52,73
"Gene390",24,38,8,64,98,56,5,44,92,28
"Gene391",64,76,32,22,69,13,91,2,82,64
"Gene392",10,10,97,51,82,39,90,42,16,61
"Gene393",23,41,44,12,87,100,75,57,33,80
"Gene394",22,55,14,4,13,56,2,12,87,18
"Gene395",60,24,0,38,28,61,39,13,67,22
"Gene396",24,92,46,19,23,74,26,53,98,15
"Gene397",87,34,16,1,38,43,78,86,81,33
"Gene398",81,8,29,47,63,37,84,94,24,24
"Gene399",85,11,85,99,30,71,24,54,86,95
"Gene400",25,15,77,47,66,70,54,18,34,58
"Gene401",42,86,33,69,57,7,92,83,99,63
"Gene402",65,86,80,1,77,58,44,66,68,45
"Gene403",51,92,73,89,88,28,92,6,23,84
"Gene404",88,86,60,31,87,53,71,23,93,4
"Gene405",19,50,48,73,73,84,76,33,68,79
"Gene406",49,22,68,89,26,82,97,96,98,66
"Gene407",58,28,9,67,44,71,17,61,59,79
"Gene408",65,87,9,84,50,43,64,39,40,52
"Gene409",6,68,73,90,46,32,75,23,47,80
"Gene410",66,62,68,66,97,96,14,32,8,58
"Gene411",37,40,91,62,82,48,46,70,99,87
"Gene412",29,54,9,60,18,85,67,22,95,47
"Gene413",50,93,25,41,21,24,51,12,84,64
"Gene414",99,60,86,26,6,10,58,65,86,5
"Gene415",61,15,28,95,90,16,13,15,50,34
"Gene416",2,95,77,53,2,1,67,19,38,31
"Gene417",96,35,21,3,79,58,14,19,85,45
"Gene418",11,2,99,93,49,81,79,47,73,73
"Gene419",70,55,64,44,97,84,69,79,43,17
"Gene420",89,89,39,16,23,18,28,49,28,8
"Gene421",60,47,93,84,8,68,30,53,53,37
"Gene422",25,27,53,11,49,61,25,59,93,61
"Gene423",57,23,15,9,43,76,93,48,21,81
"Gene424",50,15,32,84,54,52,100,92,88,39
"Gene425",92,14,29,53,77,84,90,87,90,36
"Gene426",44,88,81,29,71,84,37,32,10,12
"Gene427",18,59,5,17,62,19,97,7,40,46
"Gene428",51,88,68,21,2,91,38,8,43,43
"Gene429",1,95,97,78,88,96,18,13,77,18
"Gene430",20,78,45,40,80,6,6,22,79,75
"Gene431",73,57,48,4,17,90,28,94,77,69
"Gene432",34,19,63,75,52,4,34,61,98,11
"Gene433",20,10,79,90,36,31,51,86,83,47
"Gene434",60,90,74,88,39,27,62,25,22,86
"Gene435",75,35,62,56,41,52,79,89,21,57
"Gene436",22,91,81,26,37,77,68,84,98,43
"Gene437",8,60,34,43,70,55,67,26,32,10
"Gene438",1,87,62,44,92,20,26,67,59,63
"Gene439",5,76,96,21,64,43,0,47,0,74
"Gene440",87,38,30,34,28,59,16,1,91,53
"Gene441",1,1,38,86,42,59,48,46,11,32
"Gene442",5,31,57,83,21,51,19,33,39,74
"Gene443",18,56,85,61,70,21,46,61,79,87
"Gene444",66,29,35,33,20,4,17,77,38,26
"Gene445",75,22,35,36,39,49,58,100,22,62
"Gene446",30,6,100,48,44,63,1,0,84,46
"Gene447",34,4,89,24,51,36,47,79,34,83
"Gene448",40,22,14,41,85,18,7,51,50,87
"Gene449",81,66,77,61,39,46,71,57,17,56
"Gene450",66,71,64,46,43,42,39,8,95,63
"Gene451",32,49,48,80,96,90,1,55,82,4
"Gene452",28,94,86,98,94,36,59,50,7,28
"Gene453",54,34,53,33,13,58,88,35,57,79
"Gene454",2,70,31,31,97,3,25,40,89,18
"Gene455",65,15,53,43,78,79,58,42,23,27
"Gene456",23,49,67,57,32,56,81,24,78,25
"Gene457",23,25,88,55,44,17,7,34,55,38
"Gene458",73,74,14,28,39,61,94,59,57,69
"Gene459",13,2,82,40,62,90,18,21,26,62
"Gene460",47,85,81,33,70,1,61,59,34,14
"Gene461",19,10,12,45,48,28,19,5,6,89
"Gene462",92,98,52,87,3,86,15,93,51,20
"Gene463",30,54,92,85,91,82,60,17,1,10
"Gene464",61,16,90,21,41,98,70,92,36,72
"Gene465",86,26,84,12,47,91,45,68,25,42
"Gene466",8,86,35,56,26,30,1,92,82,48
"Gene467",10,21,28,21,1,71,1,24,66,45
"Gene468",100,96,90,41,81,9,84,82,76,57
"Gene469",17,43,72,45,13,17,6,85,74,39
"Gene470",52,42,85,40,64,91,32,31,45,63
"Gene471",72,91,75,65,16,92,57,8,55,50
"Gene472",63,86,51,11,48,31,5,79,76,2
"Gene473",44,80,23,46,69,3,68,41,32,44
"Gene474",27,5,40,35,23,13,27,50,15,32
"Gene475",45,20,66,23,20,5,21,7,49,60
"Gene476",94,27,48,96,20,95,88,71,4,53
"Gene477",61,31,33,42,23,15,38,94,21,9
"Gene478",75,81,34,40,23,62,37,96,3,55
"Gene479",20,67,34,44,12,14,86,42,85,53
"Gene480",26,67,67,3,77,38,10,15,2,66
"Gene481",62,75,94,58,65,96,43,40,72,55
"Gene482",66,4,81,97,66,38,65,100,53,79
"Gene483",86,17,97,49,83,12,47,91,71,96
"Gene484",50,1,71,21,63,80,62,98,5,46
"Gene485",88,74,85,88,96,88,43,88,24,15
"Gene486",53,67,78,65,81,90,29,55,99,77
"Gene487",65,24,75,30,72,15,72,64,75,64
"Gene488",65,97,82,61,100,44,14,55,16,69
"Gene489",74,20,16,20,18,47,44,7,58,46
"Gene490",29,38,60,80,20,16,86,8,75,55
"Gene491",95,95,86,77,26,30,86,40,46,31
"Gene492",83,92,92,50,99,91,73,10,5,17
"Gene493",24,75,52,25,57,39,64,78,95,78
"Gene494",39,50,4,15,80,13,6,99,83,66
"Gene495",69,70,41,65,42,23,63,39,34,51
"Gene496",34,16,1,51,75,52,99,54,61,53
"Gene497",76,58,14,87,14,57,97,83,45,77
"Gene498",52,67,67,44,90,40,37,56,11,63
"Gene499",34,98,41,58,23,2,67,40,35,54
"Gene500",12,16,22,71,86,96,72,79,96,24
"Gene501",63,51,23,12,86,72,8,74,90,8
"Gene502",49,26,27,42,74,49,91,41,44,27
"Gene503",82,69,34,33,37,88,33,86,45,28
"Gene504",61,12,35,74,33,16,47,73,30,41
"Gene505",11,82,16,33,89,61,53,6,65,21
"Gene506",94,30,49,84,16,31,47,64,63,91
"Gene507",85,67,2,82,73,59,53,40,14,94
"Gene508",24,76,93,69,74,16,94,2,42,15
"Gene509",11,98,97,85,31,8,62,86,55,69
"Gene510",63,46,49,34,37,46,57,89,5,38
"Gene511",62,52,86,24,49,69,51,82,90,82
"Gene512",23,91,37,17,97,71,6,3,16,33
"Gene513",58,9,51,0,56,97,63,69,95,66
"Gene514",26,96,97,12,46,31,53,23,3,98
"Gene515",74,63,87,47,28,50,30,52,12,96
"Gene516",20,16,4,53,28,3,2,53,40,57
"Gene517",33,14,36,13,13,99,38,31,45,71
"Gene518",78,50,42,67,38,37,34,37,57,80
"Gene519",72,11,36,31,54,96,57,61,18,94
"Gene520",77,64,95,25,2,30,68,74,16,97
"Gene521",87,37,90,92,38,52,67,1,25,2
"Gene522",69,68,9,78,62,56,16,70,71,72
"Gene523",49,5,51,34,76,66,70,99,21,54
"Gene524",9,8,0,10,88,34,96,86,44,45
"Gene525",92,41,59,18,5,14,74,7,84,98
"Gene526",5,78,51,3,56,84,64,63,2,48
"Gene527",28,59,28,14,57,15,0,80,97,11
"Gene528",69,33,36,95,90,57,55,13,5,96
"Gene529",30,20,40,82,43,39,11,54,72,50
"Gene530",55,25,6,56,20,22,70,98,29,5
"Gene531",68,91,42,99,89,59,15,54,12,22
"Gene532",6,85,16,51,2,80,86,3,90,47
"Gene533",87,29,24,98,42,74,73,85,3,6
"Gene534",66,9,49,87,68,15,59,91,91,72
"Gene535",73,46,85,30,33,31,3,78,15,19
"Gene536",81,87,81,59,94,91,71,14,2,19
"Gene537",40,6,10,16,64,53,53,52,90,28
"Gene538",44,3,74,100,52,99,19,52,60,3
"Gene539",95,94,23,44,98,11,72,81,75,26
"Gene540",29,36,63,81,4,89,21,62,1,54
"Gene541",51,39,60,65,41,77,98,86,90,27
"Gene542",34,60,29,94,23,23,31,52,93,76
"Gene543",50,7,1,47,1,92,37,44,79,63
"Gene544",43,15,42,15,21,91,84,73,61,59
"Gene545",39,30,28,5,87,44,6,61,47,77
"Gene546",32,34,10,13,74,19,38,13,87,78
"Gene547",84,5,4,89,42,61,23,75,12,13
"Gene548",16,37,79,31,89,71,37,12,96,51
"Gene549",4,71,29,98,13,53,25,84,90,24
"Gene550",7,66,26,90,66,13,38,59,95,49
"Gene551",81,39,3,52,6,69,15,11,21,66
"Gene552",13,13,98,69,93,54,78,58,66,98
"Gene553",86,68,5,57,6,20,71,6,68,20
"Gene554",34,48,20,45,47,94,86,8,59,32
"Gene555",20,79,10,10,43,76,55,46,34,16
"Gene556",37,19,15,90,58,95,73,85,76,71
"Gene557",44,86,17,97,20,35,17,43,40,82
"Gene558",12,66,14,76,65,8,37,82,46,69
"Gene559",19,92,79,24,7,100,54,72,22,30
"Gene560",80,63,88,97,21,78,57,91,96,35
"Gene561",42,83,94,9,52,27,83,86,68,50
"Gene562",85,6,60,4,93,76,35,75,76,42
"Gene563",70,71,75,85,92,22,1,94,44,8
"Gene564",87,39,15,64,32,98,8,58,31,72
"Gene565",70,50,24,68,39,41,98,79,17,71
"Gene566",6,45,75,24,87,22,88,93,3,23
"Gene567",8,91,34,34,24,61,18,69,28,12
"Gene568",95,48,95,71,28,27,73,30,17,55
"Gene569",64,59,80,96,51,12,52,85,41,16
"Gene570",15,18,61,24,61,43,93,76,38,76
"Gene571",94,41,15,59,31,57,47,62,31,70
"Gene572",50,83,1,86,12,94,30,99,13,28
"Gene573",75,9,23,81,56,54,99,2,67,44
"Gene574",74,41,17,59,26,58,60,54,84,46
"Gene575",96,40,10,35,18,5,18,39,29,89
"Gene576",30,68,90,1,50,42,15,37,49,41
"Gene577",90,43,26,7,32,95,85,73,98,15
"Gene578",23,89,97,15,92,32,80,77,47,38
"Gene579",94,35,49,22,59,36,64,42,37,43
"Gene580",61,56,24,22,59,64,43,92,44,15
"Gene581",59,13,6,81,41,74,99,59,44,9
"Gene582",16,7,70,62,25,95,98,60,32,24
"Gene583",80,20,49,11,88,54,26,33,12,77
"Gene584",1,1,5,33,25,38,32,16,4,29
"Gene585",39,9,81,95,30,92,95,40,96,57
"Gene586",26,31,59,5,98,97,10,93,25,15
"Gene587",36,78,23,82,42,34,19,12,69,18
"Gene588",54,49,99,43,96,27,11,75,34,39
"Gene589",2,24,43,99,32,98,99,19,40,31
"Gene590",1,34,78,52,40,5,48,98,37,95
"Gene591",90,48,56,2,52,18,34,64,38,30
"Gene592",94,69,84,49,19,4,43,77,13,96
"Gene593",10,66,28,16,71,65,23,18,74,98
"Gene594",9,32,91,44,31,36,29,76,65,80
"Gene595",52,16,89,33,90,10,94,91,94,1
"Gene596",49,1,57,7,65,40,90,77,33,35
"Gene597",50,63,27,30,22,60,51,93,62,49
"Gene598",26,84,80,85,82,89,74,6,58,25
"Gene599",29,75,59,16,83,7,71,40,74,60
"Gene600",91,85,70,27,51,100,44,61,90,29
"Gene601",44,38,58,34,91,74,60,96,61,27
"Gene602",84,85,49,79,78,23,17,54,92,93
"Gene603",79,48,55,20,77,76,4,53,8,27
"Gene604",95,34,55,19,19,13,11,87,30,14
"Gene605",61,39,6,22,72,71,10,79,56,19
"Gene606",17,48,79,23,39,56,63,71,8,77
"Gene607",18,75,72,99,53,0,74,30,20,38
"Gene608",78,8,42,16,54,92,59,40,89,22
"Gene609",14,48,53,4,24,36,68,58,67,6
"Gene610",94,46,45,55,21,34,92,31,57,82
"Gene611",76,98,1,3,8,52,39,70,85,25
"Gene612",58,70,38,28,41,75,37,73,52,84
"Gene613",86,29,29,87,2,9,41,63,96,5
"Gene614",72,29,86,81,13,94,36,78,93,53
"Gene615",91,47,23,39,12,36,47,65,43,68
"Gene616",51,68,58,31,89,42,6,50,11,49
"Gene617",97,43,94,23,71,81,99,97,51,24
"Gene618",89,29,50,42,82,3,64,16,75,51
"Gene619",89,74,73,70,74,41,64,59,91,28
"Gene620",96,82,8,72,55,80,0,64,20,43
"Gene621",74,90,87,91,9,49,1,47,31,84
"Gene622",98,56,61,20,19,46,35,74,16,52
"Gene623",68,15,61,91,42,34,70,91,43,14
"Gene624",59,71,38,33,96,22,65,78,73,64
"Gene625",63,30,85,23,21,59,9,53,61,72
"Gene626",76,55,19,46,38,59,41,4,49,2
"Gene627",39,87,73,51,27,53,46,56,42,25
"Gene628",15,72,95,100,17,47,30,98,57,66
"Gene629",24,32,97,4,26,22,15,61,76,56
"Gene630",38,50,74,33,55,78,62,70,88,9
"Gene631",44,53,77,49,29,49,38,7,39,71
"Gene632",13,2,55,17,95,61,11,21,34,78
"Gene633",13,57,81,28,91,65,96,38,90,15
"Gene634",66,9,44,74,45,40,46,58,88,9
"Gene635",94,81,36,90,56,56,81,46,36,10
"Gene636",22,16,36,99,45,42,91,25,75,64
"Gene637",27,49,29,28,11,99,57,54,50,18
"Gene638",52,84,96,67,0,57,2,72,6,40
"Gene639",62,48,18,46,35,6,21,62,85,55
"Gene640",86,60,15,85,7,72,100,0,99,7
"Gene641",97,82,87,48,81,36,24,90,19,40
"Gene642",96,75,17,60,15,29,6,5,11,3
"Gene643",98,70,16,49,17,3,70,66,39,44
"Gene644",34,94,96,6,15,1,61,39,94,20
"Gene645",22,13,20,28,96,53,69,40,16,87
"Gene646",72,44,48,65,11,27,31,58,56,33
"Gene647",46,58,23,18,1,99,68,22,39,69
"Gene648",42,77,100,87,61,81,93,22,28,90
"Gene649",37,67,95,35,86,63,25,60,99,93
"Gene650",88,51,20,44,26,75,15,70,54,1
"Gene651",8,14,3,66,2,54,20,26,69,33
"Gene652",26,86,48,53,59,93,24,56,20,78
"Gene653",36,34,35,73,34,31,21,2,13,41
"Gene654",89,56,86,25,17,7,45,93,3,31
"Gene655",76,14,46,16,76,43,96,18,28,25
"Gene656",79,9,82,15,55,49,37,21,86,60
"Gene657",74,90,61,82,98,14,79,77,91,96
"Gene658",62,82,55,68,96,8,23,45,89,60
"Gene659",60,83,44,65,29,36,55,61,45,78
"Gene660",6,51,14,56,20,55,16,76,42,82
"Gene661",61,16,85,16,26,40,31,34,68,54
"Gene662",51,10,9,35,92,98,29,57,48,88
"Gene663",25,55,82,84,11,29,67,62,87,39
"Gene664",37,40,58,54,70,65,27,14,46,87
"Gene665",44,41,81,88,24,11,7,16,49,73
"Gene666",24,50,60,50,88,50,71,6,94,49
"Gene667",47,5,24,99,99,58,25,79,13,82
"Gene668",38,78,84,68,37,50,15,8,76,60
"Gene669",81,45,31,75,35,21,41,44,10,82
"Gene670",29,82,22,71,45,87,78,42,99,49
"Gene671",80,42,62,41,75,19,79,42,50,33
"Gene672",6,79,18,44,3,46,93,18,48,81
"Gene673",67,95,2,49,81,52,22,10,21,32
"Gene674",90,19,37,5,30,19,93,52,82,2
"Gene675",24,93,62,85,85,66,55,59,17,32
"Gene676",46,34,29,65,87,13,10,32,73,51
"Gene677",77,70,52,80,19,44,93,67,94,55
"Gene678",21,5,50,28,51,49,54,24,49,76
"Gene679",10,30,69,62,94,65,1,96,5,92
"Gene680",68,71,69,42,88,69,29,97,15,50
"Gene681",89,56,7,53,17,51,16,71,89,6
"Gene682",52,52,74,37,26,99,5,96,25,17
"Gene683",74,48,11,40,2,21,73,12,87,50
"Gene684",48,88,21,17,64,52,6,76,38,68
"Gene685",66,60,90,73,54,71,0,3,89,34
"Gene686",31,99,11,6,34,7,7,19,43,49
"Gene687",39,58,1,1,28,86,3,90,87,95
"Gene688",94,51,8,90,91,13,85,40,71,66
"Gene689",97,40,36,10,62,1,4,60,100,92
"Gene690",61,32,3,82,42,31,69,97,73,10
"Gene691",55,36,12,64,0,45,18,59,90,23
"Gene692",85,54,48,12,37,33,74,58,22,80
"Gene693",42,47,99,3,16,82,23,20,19,76
"Gene694",13,31,69,81,64,96,36,51,68,4
"Gene695",37,53,72,48,74,77,28,35,69,13
"Gene696",18,37,70,11,78,77,32,1,86,56
"Gene697",27,2,24,12,7,43,94,5,37,31
"Gene698",57,59,3,91,17,9,39,50,51,45
"Gene699",28,2,16,85,58,56,65,89,37,96
"Gene700",38,25,55,47,89,74,44,4,69,73
"Gene701",27,7,69,40,5,32,51,45,92,58
"Gene702",59,88,83,50,30,71,62,5,57,62
"Gene703",31,10,12,17,45,49,49,9,13,48
"Gene704",66,26,74,20,77,46,31,98,9,10
"Gene705",54,52,71,56,49,55,68,55,28,10
"Gene706",17,36,7,28,5,2,20,74,8,25
"Gene707",22,74,3,66,3,44,37,23,96,86
"Gene708",65,19,70,82,33,53,75,33,79,57
"Gene709",64,97,59,27,46,41,34,82,90,4
"Gene710",36,68,97,47,90,7,99,42,9,36
"Gene711",97,74,73,35,38,78,96,72,33,63
"Gene712",9,41,59,1,3,84,7,86,11,70
"Gene713",18,34,7,25,22,95,36,89,18,90
"Gene714",13,80,37,92,80,3,41,11,44,4
"Gene715",24,27,67,76,2,2,88,20,12,37
"Gene716",77,35,66,62,98,16,98,32,42,75
"Gene717",43,1,95,11,9,70,38,43,19,51
"Gene718",60,5,74,98,54,94,70,25,51,80
"Gene719",3,89,95,5,70,68,45,18,93,35
"Gene720",79,86,24,12,73,44,18,36,33,26
"Gene721",19,92,84,19,4,28,49,20,75,1
"Gene722",71,57,94,13,44,82,31,1,90,70
"Gene723",36,26,13,14,33,80,37,70,25,59
"Gene724",86,3,43,69,47,4,42,43,7,46
"Gene725",30,93,58,94,74,59,81,12,42,7
"Gene726",65,15,12,64,78,1,15,53,1,69
"Gene727",25,35,9,97,43,61,14,54,52,25
"Gene728",56,72,90,17,86,39,31,30,97,92
"Gene729",16,32,97,92,15,49,35,71,99,40
"Gene730",49,21,48,32,79,82,6,20,30,48
"Gene731",14,43,52,10,51,40,32,49,82,66
"Gene732",54,61,56,98,11,47,54,62,93,64
"Gene733",83,15,84,37,7,51,4,12,85,33
"Gene734",99,11,77,93,49,94,95,68,96,6
"Gene735",31,83,3,93,100,41,54,2,81,75
"Gene736",51,27,2,97,24,39,11,8,99,91
"Gene737",65,13,93,14,89,84,37,11,48,67
"Gene738",13,1,68,3,53,58,77,12,38,30
"Gene739",41,20,6,71,16,74,12,75,59,58
"Gene740",61,22,4,87,82,5,52,39,56,60
"Gene741",23,78,19,99,18,77,51,33,98,22
"Gene742",23,0,27,10,46,48,84,95,53,96
"Gene743",55,8,92,98,30,95,35,88,60,93
"Gene744",80,44,59,32,51,41,8,28,64,29
"Gene745",3,97,8,42,80,46,21,77,69,66
"Gene746",60,69,96,37,51,18,55,42,16,9
"Gene747",56,62,41,28,79,79,42,13,49,64
"Gene748",8,5,23,37,58,70,55,61,55,62
"Gene749",10,54,89,28,20,62,85,36,78,43
"Gene750",32,80,23,26,41,7,39,26,94,98
"Gene751",1,38,42,46,1,7,38,99,80,9
"Gene752",44,32,21,86,22,93,93,14,82,94
"Gene753",57,17,36,40,3,29,98,57,41,35
"Gene754",70,61,30,27,63,2,93,35,10,6
"Gene755",26,29,62,29,98,55,25,29,14,24
"Gene756",37,47,1,36,18,75,14,37,17,55
"Gene757",67,38,37,4,16,84,45,54,2,71
"Gene758",52,43,6,11,13,49,30,25,65,54
"Gene759",87,58,26,88,93,85,36,20,47,53
"Gene760",27,11,88,60,12,55,83,32,78,70
"Gene761",26,88,34,4,87,30,30,84,33,4
"Gene762",94,9,96,77,48,12,81,32,61,59
"Gene763",47,41,86,27,22,35,58,23,59,2
"Gene764",86,19,50,14,43,43,7,70,14,19
"Gene765",32,71,19,8,19,97,64,62,72,81
"Gene766",65,14,7,2,7,76,38,84,7,61
"Gene767",12,15,66,71,80,43,77,76,33,90
"Gene768",33,90,62,81,68,7,82,55,11,22
"Gene769",9,13,71,93,78,13,42,22,58,69
"Gene770",56,53,30,5,46,76,66,58,7,3
"Gene771",58,46,68,63,94,26,64,57,21,69
"Gene772",95,6,3,60,92,68,69,85,99,42
"Gene773",99,48,70,54,79,61,46,50,18,26
"Gene774",27,13,48,14,54,81,88,18,5,10
"Gene775",17,39,90,4,74,3,60,32,58,80
"Gene776",75,2,82,16,66,73,23,50,29,4
"Gene777",87,13,43,58,26,89,87,23,9,11
"Gene778",96,82,49,35,51,68,78,67,97,37
"Gene779",17,41,8,87,86,38,70,96,8,35
"Gene780",8,100,28,56,35,25,4,26,43,71
"Gene781",7,18,89,7,5,65,25,92,39,17
"Gene782",52,35,27,19,66,7,97,86,55,89
"Gene783",85,36,61,62,14,14,8,8,26,24
"Gene784",9,79,47,82,91,91,53,59,9,78
"Gene785",39,60,90,14,73,26,81,33,96,60
"Gene786",50,35,59,95,67,9,59,92,23,62
"Gene787",54,87,51,65,32,8,38,35,61,10
"Gene788",33,66,15,4,93,53,70,25,95,90
"Gene789",3,82,73,43,40,96,5,73,12,5
"Gene790",60,72,13,83,3,25,9,81,82,18
"Gene791",4,73,66,52,11,38,14,41,30,26
"Gene792",2,82,20,79,98,44,65,2,72,34
"Gene793",34,7,11,39,15,1,76,93,54,27
"Gene794",40,56,49,99,90,95,36,30,100,61
"Gene795",92,79,72,69,32,99,28,94,38,100
"Gene796",16,14,28,27,78,61,10,100,15,63
"Gene797",99,2,27,96,12,69,94,87,20,18
"Gene798",46,76,53,7,34,31,61,45,51,12
"Gene799",45,94,7,100,99,40,8,28,94,92
"Gene800",44,41,96,44,57,36,62,5,86,0
"Gene801",64,28,34,86,46,21,29,78,77,39
"Gene802",1,80,14,98,27,4,77,100,19,79
"Gene803",10,3,21,73,72,91,43,19,53,88
"Gene804",81,64,34,38,12,83,89,18,61,83
"Gene805",71,42,8,41,43,7,36,8,37,95
"Gene806",75,57,22,83,73,80,70,31,4,3
"Gene807",60,41,72,47,63,45,69,35,22,30
"Gene808",28,78,18,91,84,42,87,98,48,2
"Gene809",92,32,32,75,96,26,55,71,71,7
"Gene810",47,78,97,55,73,47,13,93,16,19
"Gene811",4,67,13,51,15,76,35,37,45,2
"Gene812",12,2,34,86,19,88,32,62,15,89
"Gene813",84,68,81,31,52,69,60,88,31,30
"Gene814",39,20,46,9,28,11,14,33,68,71
"Gene815",19,63,2,25,46,91,64,72,50,47
"Gene816",22,79,99,66,75,53,53,48,87,100
"Gene817",26,32,31,87,88,73,18,33,42,10
"Gene818",20,95,7,75,10,96,50,60,12,70
"Gene819",99,89,34,48,6,35,33,85,90,54
"Gene820",54,93,56,64,25,32,42,24,29,92
"Gene821",94,38,65,83,9,41,51,0,18,69
"Gene822",44,15,86,53,80,32,66,72,70,59
"Gene823",10,42,96,86,47,46,76,75,20,84
"Gene824",35,15,72,95,67,67,46,85,20,82
"Gene825",82,18,75,21,76,17,2,94,85,64
"Gene826",88,31,37,95,50,56,66,53,97,97
"Gene827",2,29,44,8,61,44,88,25,53,12
"Gene828",48,81,46,18,38,10,2,95,10,30
"Gene829",32,4,58,41,97,73,33,34,33,98
"Gene830",29,44,32,77,82,43,73,88,74,50
"Gene831",49,69,99,73,4,94,64,63,25,51
"Gene832",14,17,95,37,60,23,74,36,50,74
"Gene833",84,18,96,84,84,47,83,8,32,59
"Gene834",83,65,84,70,43,13,81,20,24,75
"Gene835",89,30,28,28,80,7,32,29,83,54
"Gene836",91,17,52,84,32,32,11,55,78,39
"Gene837",85,33,39,12,87,75,52,15,1,67
"Gene838",71,23,79,15,56,36,87,13,41,53
"Gene839",54,55,72,4,37,62,77,76,100,48
"Gene840",8,37,57,69,92,22,64,74,68,67
"Gene841",6,95,29,40,22,12,98,82,79,35
"Gene842",93,49,37,98,49,54,71,7,13,60
"Gene843",36,63,7,40,27,28,93,84,31,46
"Gene844",90,78,100,7,18,97,41,79,80,74
"Gene845",2,21,74,29,97,46,93,54,12,40
"Gene846",97,90,98,20,46,11,97,38,31,77
"Gene847",78,4,84,97,45,56,62,2,91,27
"Gene848",42,68,69,25,52,34,76,22,74,27
"Gene849",7,87,60,34,91,71,44,63,52,71
"Gene850",66,19,26,24,40,84,84,89,18,51
"Gene851",47,40,84,70,88,95,50,84,84,9
"Gene852",9,46,70,67,35,32,65,33,17,47
"Gene853",94,50,10,74,55,54,48,51,9,80
"Gene854",84,22,83,34,12,98,34,31,90,70
"Gene855",35,91,9,48,47,49,86,98,92,30
"Gene856",56,50,92,8,57,35,31,15,77,14
"Gene857",60,82,81,90,71,28,3,12,62,52
"Gene858",81,25,72,40,97,99,6,83,19,86
"Gene859",86,30,0,54,91,69,12,97,93,30
"Gene860",75,83,68,84,24,11,60,2,85,21
"Gene861",87,13,95,56,57,34,60,43,27,54
"Gene862",48,2,56,15,100,83,9,62,24,95
"Gene863",41,45,51,78,47,86,60,81,19,2
"Gene864",31,55,69,69,48,16,42,65,91,9
"Gene865",49,53,46,29,29,6,30,67,51,32
"Gene866",50,65,78,75,60,57,89,24,70,55
"Gene867",2,75,22,75,61,93,45,69,69,97
"Gene868",80,16,23,39,96,10,66,94,15,34
"Gene869",21,33,53,95,46,3,32,85,6,82
"Gene870",97,77,21,49,18,29,26,52,38,98
"Gene871",21,85,85,0,64,64,80,16,64,46
"Gene872",100,69,43,82,21,12,19,98,3,31
"Gene873",98,0,24,65,37,76,22,59,63,93
"Gene874",100,41,74,55,59,35,59,23,80,0
"Gene875",47,53,19,37,61,38,61,72,22,12
"Gene876",78,70,65,89,34,4,81,91,58,14
"Gene877",64,3,36,85,52,52,28,4,77,73
"Gene878",99,62,58,12,70,78,0,11,76,81
"Gene879",10,98,1,13,51,22,55,54,88,92
"Gene880",71,42,99,29,55,61,99,87,6,39
"Gene881",43,23,33,38,10,66,96,26,14,94
"Gene882",64,72,0,6,15,26,21,55,64,0
"Gene883",62,17,6,83,20,99,41,83,55,47
"Gene884",53,94,16,86,18,52,87,27,43,3
"Gene885",32,3,69,76,59,23,6,50,81,37
"Gene886",82,91,37,10,27,70,30,44,35,57
"Gene887",76,73,49,62,70,0,29,37,69,8
"Gene888",64,18,39,95,96,45,10,25,59,75
"Gene889",28,55,90,40,32,86,55,94,70,38
"Gene890",74,48,39,53,86,80,62,2,87,40
"Gene891",79,53,20,1,95,63,72,14,85,61
"Gene892",79,64,26,61,39,15,45,94,25,62
"Gene893",18,54,76,40,40,22,21,24,46,28
"Gene894",77,89,9,96,13,22,28,49,46,87
"Gene895",67,52,38,74,21,2,93,27,96,37
"Gene896",75,51,60,33,83,15,2,73,59,24
"Gene897",77,8,57,77,69,88,47,90,65,89
"Gene898",17,91,73,97,99,48,24,36,53,72
"Gene899",61,3,93,46,3,40,94,80,80,85
"Gene900",95,94,52,97,55,43,8,40,0,63
"Gene901",31,97,61,62,67,36,72,45,40,90
"Gene902",96,97,69,12,2,31,23,15,76,17
"Gene903",18,37,59,31,41,68,96,52,58,22
"Gene904",50,72,61,22,36,47,59,39,84,24
"Gene905",22,37,7,37,80,60,25,72,81,52
"Gene906",13,36,21,67,31,22,37,12,12,30
"Gene907",11,8,82,4,6,46,60,54,57,22
"Gene908",49,65,38,72,14,11,49,51,24,48
"Gene909",3,23,3,97,50,66,53,56,85,75
"Gene910",44,44,15,18,7,79,71,76,52,91
"Gene911",96,0,63,5,81,62,36,94,86,48
"Gene912",6,97,58,70,49,17,88,10,85,34
"Gene913",42,23,89,97,68,59,3,46,40,92
"Gene914",70,41,85,28,50,55,46,69,52,18
"Gene915",78,77,25,80,45,60,63,60,53,72
"Gene916",91,68,99,56,63,7,100,79,64,57
"Gene917",33,79,99,30,48,71,80,27,49,94
"Gene918",13,28,25,75,36,89,72,15,3,41
"Gene919",86,63,13,59,88,11,22,13,77,43
"Gene920",79,13,70,69,62,73,67,87,59,2
"Gene921",96,35,79,69,3,97,54,72,46,40
"Gene922",70,97,99,8,99,34,4,80,66,15
"Gene923",86,31,25,48,34,54,36,39,32,50
"Gene924",22,67,66,14,67,6,98,40,89,47
"Gene925",93,52,28,1,93,22,83,78,50,84
"Gene926",64,34,74,95,67,89,61,66,62,75
"Gene927",25,76,9,47,26,22,18,66,40,12
"Gene928",52,90,22,56,6,86,55,98,67,16
"Gene929",55,90,93,99,91,68,92,26,40,88
"Gene930",68,56,44,97,59,95,68,65,88,23
"Gene931",13,63,29,26,9,43,27,92,11,79
"Gene932",46,94,41,88,39,60,93,100,19,44
"Gene933",51,83,64,75,91,29,71,41,12,35
"Gene934",88,83,65,91,24,13,48,75,7,54
"Gene935",37,71,44,6,30,84,12,3,40,89
"Gene936",42,63,32,23,41,25,7,65,29,35
"Gene937",35,44,80,26,85,57,76,37,37,24
"Gene938",99,52,40,21,25,90,47,15,56,72
"Gene939",69,54,52,59,69,53,76,77,50,10
"Gene940",6,36,89,1,59,45,86,62,87,52
"Gene941",5,14,73,30,58,55,59,49,37,12
"Gene942",26,9,63,9,90,86,47,51,99,99
"Gene943",71,76,25,25,23,70,84,4,32,81
"Gene944",8,7,53,80,63,42,83,40,93,100
"Gene945",53,1,18,39,73,45,55,52,34,79
"Gene946",48,84,86,33,45,62,73,54,18,94
"Gene947",83,49,99,15,39,37,15,44,91,85
"Gene948",27,91,62,46,71,14,35,49,75,60
"Gene949",4,29,73,50,19,37,92,36,31,73
"Gene950",37,5,34,76,99,81,74,19,87,51
"Gene951",24,73,5,48,25,93,53,15,32,77
"Gene952",74,33,87,12,65,54,93,21,85,15
"Gene953",51,99,97,1,45,21,53,98,83,72
"Gene954",82,92,95,26,37,14,48,83,37,99
"Gene955",55,36,46,27,80,40,1,29,33,15
"Gene956",12,54,70,31,6,82,0,72,74,5
"Gene957",88,12,23,96,13,97,76,38,94,82
"Gene958",7,31,24,92,71,75,49,56,96,71
"Gene959",5,54,37,59,63,80,12,13,98,43
"Gene960",63,3,72,44,67,10,58,44,47,73
"Gene961",89,60,34,96,96,54,15,49,92,70
"Gene962",33,45,98,93,67,86,56,59,31,80
"Gene963",25,45,72,15,12,35,36,20,95,61
"Gene964",40,66,23,72,51,3,43,50,71,0
"Gene965",78,31,51,29,17,59,65,2,68,91
"Gene966",41,39,20,88,37,18,2,2,24,37
"Gene967",90,65,30,20,100,63,65,6,7,77
"Gene968",96,80,51,36,50,46,11,47,28,80
"Gene969",85,45,79,35,46,27,92,47,19,71
"Gene970",85,61,38,12,98,65,37,23,55,67
"Gene971",96,2,88,12,91,93,59,11,88,9
"Gene972",19,97,22,29,73,54,53,18,81,45
"Gene973",43,39,97,98,78,48,42,80,8,50
"Gene974",88,23,43,80,78,80,80,48,38,58
"Gene975",27,31,15,67,43,15,31,58,93,58
"Gene976",14,59,79,75,31,70,10,71,95,90
"Gene977",47,32,97,19,40,25,26,30,59,3
"Gene978",81,96,66,69,39,47,65,19,67,53
"Gene979",38,42,46,75,100,46,61,60,48,2
"Gene980",24,64,26,30,48,23,71,61,67,49
"Gene981",53,12,53,89,43,43,90,77,22,58
"Gene982",25,85,65,10,47,98,64,3,27,79
"Gene983",27,9,58,31,5,5,40,99,79,76
"Gene984",70,70,62,31,26,80,94,28,4,59
"Gene985",8,22,62,2,68,18,69,1,71,69
"Gene986",41,11,21,87,92,43,24,4,79,96
"Gene987",75,93,84,43,57,93,26,59,85,79
"Gene988",67,43,72,43,50,94,75,99,36,98
"Gene989",94,9,81,1,15,11,53,6,60,6
"Gene990",65,91,10,55,13,32,9,75,44,8
"Gene991",42,91,50,0,63,66,63,84,73,60
"Gene992",94,80,99,82,39,72,7,21,27,69
"Gene993",57,56,56,5,16,54,61,41,42,35
"Gene994",95,41,85,1,61,58,31,83,62,56
"Gene995",72,22,18,1,20,28,64,83,12,64
"Gene996",45,3,93,46,89,86,42,40,37,10
"Gene997",90,77,59,34,33,51,21,47,64,56
"Gene998",48,44,8,89,97,99,80,51,28,49
"Gene999",73,9,25,26,19,68,31,88,67,63
"Gene1000",51,92,16,66,23,23,66,92,63,34
