,Sample1,Sample2,Sample3,Sample4,Sample5,Sample6,Sample7,Sample8,Sample9,Sample10
Gene1,32,65,97,78,21,27,100,62,89,35
Gene2,99,88,81,23,10,30,35,99,97,72
Gene3,79,54,29,25,94,47,83,87,77,59
Gene4,61,76,92,100,86,18,46,12,90,15
Gene5,57,35,100,12,6,73,10,89,30,96
Gene6,23,54,98,76,15,9,86,45,3,17
Gene7,63,71,94,81,23,46,33,62,13,12
Gene8,53,33,3,86,56,100,96,62,70,95
Gene9,59,89,46,80,8,22,37,13,55,42
Gene10,87,91,28,82,49,64,86,62,64,76
Gene11,2,63,14,53,3,32,63,71,32,23
Gene12,74,25,15,39,64,62,59,98,97,12
Gene13,96,99,41,24,33,63,35,60,63,58
Gene14,69,75,75,17,27,12,94,60,98,16
Gene15,76,100,48,33,1,49,81,60,94,43
Gene16,6,18,35,6,37,80,71,11,87,71
Gene17,92,78,75,40,49,15,69,43,4,27
Gene18,91,71,87,62,65,90,78,15,94,74
Gene19,50,21,13,90,69,56,44,14,75,78
Gene20,83,29,92,35,33,28,88,29,62,12
Gene21,17,33,58,9,85,66,74,22,45,81
Gene22,70,16,52,72,69,78,19,12,62,4
Gene23,62,20,82,44,92,19,30,96,5,52
Gene24,100,58,95,83,68,44,36,84,56,87
Gene25,96,4,73,75,22,26,82,8,66,29
Gene26,41,55,24,64,62,32,75,82,0,38
Gene27,24,6,95,42,89,18,64,99,25,54
Gene28,81,62,24,94,58,50,82,19,32,22
Gene29,71,30,46,9,29,54,28,44,58,48
Gene30,4,61,33,16,55,25,48,68,7,82
Gene31,85,17,97,48,56,70,92,90,64,67
Gene32,51,44,17,84,97,3,9,94,50,48
Gene33,21,87,35,74,24,99,60,22,61,98
Gene34,16,10,16,21,26,40,30,34,35,15
Gene35,58,41,88,20,85,71,14,33,26,35
Gene36,25,15,37,14,28,100,3,1,82,53
Gene37,48,54,77,45,53,76,20,73,83,6
Gene38,53,97,50,58,91,63,19,29,19,86
Gene39,94,37,38,33,42,46,56,74,29,18
Gene40,0,1,99,10,94,27,47,46,96,58
Gene41,26,18,64,40,70,45,37,32,94,81
Gene42,1,23,92,86,50,25,86,69,72,90
Gene43,8,83,78,98,97,39,73,43,48,56
Gene44,80,2,97,24,68,68,82,58,97,83
Gene45,61,24,61,59,63,68,15,51,97,73
Gene46,41,56,93,54,51,46,65,28,1,63
Gene47,75,52,63,31,84,73,93,24,9,16
Gene48,95,95,15,5,80,22,92,65,50,83
Gene49,60,33,53,100,46,18,80,17,8,46
Gene50,6,9,65,58,7,35,96,14,66,54
Gene51,76,45,56,70,75,73,51,74,63,19
Gene52,17,77,30,51,14,81,51,37,1,52
Gene53,50,83,73,94,88,75,49,54,33,33
Gene54,48,72,62,33,65,61,21,81,88,41
Gene55,91,78,66,94,55,7,42,64,93,6
Gene56,12,70,60,38,98,78,18,49,35,28
Gene57,67,75,58,90,44,77,26,7,25,21
Gene58,43,55,43,5,61,39,42,20,19,57
Gene59,45,4,60,6,18,28,25,41,100,86
Gene60,55,56,61,56,14,97,13,37,0,50
Gene61,28,33,56,60,58,7,49,68,3,29
Gene62,16,67,61,10,22,82,14,33,0,12
Gene63,35,74,21,15,35,97,49,49,83,68
Gene64,50,71,5,33,87,44,52,30,80,42
Gene65,94,56,28,88,27,7,10,68,12,20
Gene66,96,85,68,46,40,93,87,81,77,18
Gene67,49,57,35,15,55,88,17,1,89,52
Gene68,92,39,1,10,98,2,36,33,70,95
Gene69,68,36,65,89,14,24,27,71,92,36
Gene70,83,70,52,87,6,75,35,61,49,81
Gene71,90,52,94,49,30,42,18,34,82,74
Gene72,24,66,74,1,17,4,63,64,61,1
Gene73,39,19,10,43,35,96,0,80,70,46
Gene74,20,74,60,53,53,99,35,14,18,45
Gene75,36,12,11,85,21,44,21,90,82,38
Gene76,54,20,23,75,33,54,0,48,12,41
Gene77,70,1,43,97,80,32,21,15,65,57
Gene78,93,19,20,42,73,28,59,45,8,27
Gene79,5,4,40,57,89,64,60,89,63,87
Gene80,72,3,68,32,73,65,85,77,46,16
Gene81,67,27,19,35,22,23,40,98,63,99
Gene82,79,41,55,8,24,96,47,91,92,94
Gene83,8,7,16,51,17,21,66,41,82,5
Gene84,2,27,83,80,26,17,44,68,2,54
Gene85,55,66,9,85,82,33,88,5,76,34
Gene86,70,96,8,28,75,42,49,45,92,22
Gene87,81,13,25,79,94,68,66,66,88,98
Gene88,10,88,36,82,56,89,3,43,44,17
Gene89,67,99,7,11,81,87,5,9,79,77
Gene90,91,73,34,65,71,71,5,68,69,13
Gene91,98,97,77,46,63,36,70,50,77,96
Gene92,40,70,53,41,78,49,89,45,24,42
Gene93,68,40,39,96,85,5,67,90,74,40
Gene94,88,4,50,95,26,53,87,6,64,37
Gene95,9,43,91,82,50,55,53,59,85,86
Gene96,11,95,16,23,57,66,41,19,51,9
Gene97,42,53,92,72,76,56,82,51,76,83
Gene98,50,60,50,66,30,5,90,30,43,9
Gene99,14,93,76,32,98,17,33,88,50,100
Gene100,26,6,64,60,65,96,14,99,8,58
Gene101,2,8,43,51,33,10,13,93,54,16
Gene102,40,82,9,1,43,61,75,93,21,80
Gene103,49,23,77,100,65,82,67,78,12,79
Gene104,99,40,46,88,3,45,29,88,19,90
Gene105,29,47,52,71,72,85,69,34,82,22
Gene106,85,84,8,47,18,32,19,75,58,59
Gene107,34,62,59,66,21,26,60,30,50,87
Gene108,93,72,98,11,19,80,73,85,61,59
Gene109,22,4,29,94,89,77,24,33,6,72
Gene110,50,42,37,30,82,68,17,26,39,89
Gene111,67,45,7,95,95,99,69,46,19,54
Gene112,33,100,95,25,49,45,73,97,27,88
Gene113,67,16,45,65,64,33,89,69,33,25
Gene114,71,99,12,49,16,23,3,55,78,46
Gene115,49,80,85,38,81,61,69,72,75,34
Gene116,8,15,35,23,45,46,75,36,84,17
Gene117,50,77,95,58,63,50,68,19,32,93
Gene118,11,22,3,75,81,90,30,20,29,48
Gene119,21,83,69,32,77,76,18,6,43,55
Gene120,24,19,15,44,0,56,37,22,37,63
Gene121,74,97,34,25,97,53,20,1,4,88
Gene122,79,6,86,53,69,6,45,65,31,58
Gene123,21,63,23,80,46,59,55,30,64,68
Gene124,46,2,25,30,44,93,13,83,29,24
Gene125,27,11,61,89,38,28,31,20,48,56
Gene126,2,62,8,20,83,38,91,45,95,70
Gene127,99,82,31,100,74,83,41,14,62,71
Gene128,48,10,75,21,49,23,100,78,23,38
Gene129,33,16,37,48,56,51,10,79,59,58
Gene130,98,60,91,76,37,48,40,67,61,93
Gene131,18,32,56,16,75,4,64,26,26,48
Gene132,90,23,91,60,20,41,0,85,29,79
Gene133,73,86,13,33,7,39,23,66,63,31
Gene134,88,91,90,28,49,75,53,2,17,60
Gene135,0,83,83,18,19,17,20,74,87,75
Gene136,45,33,82,89,69,89,21,76,7,62
Gene137,56,54,43,3,70,23,55,73,65,4
Gene138,83,19,10,93,15,74,13,42,78,100
Gene139,17,74,52,27,52,82,27,100,22,59
Gene140,46,10,57,18,34,58,76,63,9,49
Gene141,41,47,13,93,67,79,29,38,89,71
Gene142,96,4,64,97,3,24,10,68,2,7
Gene143,41,50,13,86,64,60,79,97,95,36
Gene144,71,87,39,31,70,4,85,17,16,12
Gene145,57,31,8,74,75,21,85,13,35,48
Gene146,49,15,29,86,67,60,28,32,73,32
Gene147,20,25,71,69,31,14,8,60,39,91
Gene148,88,20,56,20,9,87,95,66,94,12
Gene149,74,48,34,25,29,44,28,35,3,25
Gene150,27,77,11,18,100,29,84,19,99,66
Gene151,14,82,23,66,34,27,25,4,86,69
Gene152,85,41,19,11,71,17,87,21,6,52
Gene153,63,1,56,54,55,3,4,56,11,75
Gene154,62,34,12,69,20,85,79,84,0,85
Gene155,24,69,10,57,7,77,35,62,85,84
Gene156,57,69,55,96,44,97,45,42,50,53
Gene157,89,54,33,96,28,78,90,30,62,52
Gene158,59,25,91,16,88,25,4,78,57,12
Gene159,61,18,46,73,3,92,63,76,86,97
Gene160,58,93,16,18,28,56,59,24,67,65
Gene161,40,24,39,61,93,24,58,61,64,63
Gene162,37,54,7,17,69,6,28,77,63,60
Gene163,62,84,39,95,47,10,3,68,71,47
Gene164,90,29,22,62,60,68,73,59,83,97
Gene165,68,51,0,8,16,18,72,18,26,46
Gene166,69,82,41,57,70,35,84,48,58,10
Gene167,35,25,57,3,61,67,62,3,68,89
Gene168,41,49,64,35,70,17,93,72,85,83
Gene169,18,6,0,85,9,88,17,58,78,50
Gene170,50,43,5,11,53,63,33,44,3,98
Gene171,48,99,0,62,91,48,87,15,39,7
Gene172,92,81,51,44,81,52,16,28,40,57
Gene173,20,61,4,74,21,15,86,87,71,48
Gene174,71,74,60,85,86,48,49,49,46,43
Gene175,13,49,87,41,3,37,15,86,52,52
Gene176,9,12,51,16,8,62,65,35,40,23
Gene177,40,27,9,2,37,2,25,70,30,6
Gene178,22,89,100,10,42,18,20,16,67,33
Gene179,86,12,51,45,52,61,39,23,68,11
Gene180,70,70,21,62,7,53,23,91,68,33
Gene181,56,47,21,26,69,87,39,11,9,0
Gene182,1,12,11,59,98,72,67,49,54,9
Gene183,18,56,81,36,50,94,99,33,69,48
Gene184,16,14,62,68,25,12,63,37,23,18
Gene185,97,9,8,11,97,87,96,20,93,47
Gene186,95,43,68,61,55,51,25,6,62,79
Gene187,5,5,43,38,70,97,9,98,28,46
Gene188,100,65,14,40,22,60,29,60,68,30
Gene189,17,76,100,62,60,22,17,68,24,81
Gene190,6,16,83,66,28,17,19,62,65,22
Gene191,19,92,54,87,35,43,83,34,54,14
Gene192,67,65,76,12,6,44,11,90,18,81
Gene193,15,4,68,64,36,6,53,98,32,40
Gene194,43,59,20,46,53,78,26,1,37,67
Gene195,47,79,51,53,30,75,70,3,35,28
Gene196,79,7,74,17,68,6,3,98,78,27
Gene197,53,55,20,36,28,30,8,43,17,30
Gene198,19,8,7,75,67,90,4,48,71,92
Gene199,70,44,6,75,57,77,68,10,47,0
Gene200,34,30,38,39,51,77,6,90,5,84
Gene201,96,27,82,45,41,40,71,91,63,21
Gene202,29,51,71,30,50,53,9,26,87,50
Gene203,11,24,4,71,13,30,90,74,33,47
Gene204,3,64,67,98,34,29,40,18,55,3
Gene205,55,75,68,23,67,26,78,96,91,19
Gene206,51,48,13,16,35,30,27,34,97,97
Gene207,89,87,98,9,78,90,2,88,5,1
Gene208,76,24,38,87,28,71,89,2,61,98
Gene209,81,21,82,5,81,81,55,16,22,80
Gene210,45,18,24,95,91,89,82,57,25,62
Gene211,65,98,11,94,82,83,24,61,20,7
Gene212,71,45,11,68,31,37,30,58,43,33
Gene213,25,80,61,56,81,22,89,66,60,48
Gene214,93,67,83,2,21,6,66,23,58,54
Gene215,74,35,14,82,47,86,14,92,24,73
Gene216,70,14,79,80,80,90,14,63,13,29
Gene217,88,98,32,16,48,5,99,12,24,95
Gene218,78,98,72,99,26,5,80,2,38,30
Gene219,19,23,1,77,86,9,86,39,86,82
Gene220,32,8,31,75,39,63,23,20,69,82
Gene221,83,29,90,14,47,70,4,10,91,42
Gene222,3,65,46,16,87,86,86,96,99,75
Gene223,100,52,70,56,93,0,75,7,54,1
Gene224,90,51,93,99,81,2,52,49,41,41
Gene225,100,23,84,99,30,91,59,62,28,3
Gene226,100,27,97,39,60,56,86,53,29,37
Gene227,76,34,91,98,16,14,48,45,51,85
Gene228,54,40,71,64,62,63,27,46,38,79
Gene229,11,41,17,71,28,64,83,3,99,95
Gene230,41,7,47,9,55,91,4,42,34,29
Gene231,21,80,69,61,8,26,1,6,0,57
Gene232,39,21,86,29,11,20,10,83,85,74
Gene233,41,2,12,45,4,51,41,12,65,56
Gene234,18,74,62,58,7,75,67,7,9,23
Gene235,85,16,15,39,55,60,66,52,20,41
Gene236,73,45,81,11,20,61,22,55,4,95
Gene237,74,11,20,16,65,60,15,62,87,63
Gene238,64,93,65,86,2,3,86,33,51,83
Gene239,0,3,98,12,37,19,53,22,52,49
Gene240,45,1,72,34,52,97,27,90,0,47
Gene241,39,82,54,83,65,50,69,86,55,80
Gene242,60,30,4,81,78,27,4,35,60,57
Gene243,3,24,81,1,70,57,68,86,22,31
Gene244,85,68,49,62,49,24,56,45,17,71
Gene245,71,9,37,38,30,63,3,43,15,97
Gene246,88,51,19,70,15,34,59,63,62,82
Gene247,38,46,97,12,86,99,5,82,60,80
Gene248,8,84,82,56,15,74,58,22,59,77
Gene249,9,32,62,72,62,45,71,70,45,87
Gene250,73,55,17,56,6,73,98,3,63,83
Gene251,54,5,90,25,92,71,78,30,75,45
Gene252,96,50,75,58,63,28,6,66,11,58
Gene253,66,73,44,3,42,96,56,43,13,0
Gene254,77,85,81,45,19,12,43,28,100,84
Gene255,25,63,57,38,34,26,8,37,73,91
Gene256,39,37,32,69,81,76,28,19,62,7
Gene257,44,22,52,99,33,12,41,25,34,0
Gene258,98,97,80,42,94,63,95,6,74,40
Gene259,96,57,89,47,34,82,76,10,69,46
Gene260,71,87,39,6,83,55,46,48,33,78
Gene261,29,37,9,85,17,45,73,29,49,43
Gene262,40,27,28,19,10,26,65,31,85,54
Gene263,51,26,87,76,45,99,11,81,12,15
Gene264,34,31,30,24,52,59,95,96,0,5
Gene265,39,40,23,86,99,88,84,23,93,100
Gene266,10,18,59,84,46,19,37,64,43,4
Gene267,95,47,95,56,88,74,76,60,16,94
Gene268,70,28,57,36,1,33,22,41,7,32
Gene269,59,17,0,94,17,57,20,31,80,40
Gene270,65,26,81,48,53,83,60,83,88,93
Gene271,58,61,25,55,7,68,67,59,65,95
Gene272,15,98,42,22,77,31,86,10,94,40
Gene273,67,32,7,7,95,70,27,93,3,25
Gene274,63,98,92,64,63,3,99,49,79,53
Gene275,80,63,6,28,24,64,6,45,31,53
Gene276,80,16,98,65,11,5,14,10,41,41
Gene277,9,73,66,37,16,97,58,0,91,40
Gene278,20,11,31,28,12,56,61,95,57,13
Gene279,43,86,57,79,8,48,49,32,53,53
Gene280,54,26,86,8,75,58,69,72,55,71
Gene281,66,32,64,80,68,34,6,18,34,99
Gene282,21,4,40,95,25,43,87,93,32,62
Gene283,69,15,11,33,73,39,93,20,51,97
Gene284,51,87,54,4,41,11,83,40,78,3
Gene285,64,20,47,83,99,61,31,31,45,0
Gene286,33,5,61,27,13,31,23,68,83,59
Gene287,40,19,36,14,5,44,63,83,25,94
Gene288,9,35,66,91,6,85,54,74,51,28
Gene289,36,8,43,25,35,99,40,72,55,69
Gene290,62,81,55,77,15,65,25,92,5,48
Gene291,82,50,15,19,10,20,10,23,73,44
Gene292,21,77,44,99,77,34,45,79,63,63
Gene293,58,52,87,18,91,26,27,56,22,57
Gene294,10,98,77,84,58,31,78,32,88,62
Gene295,77,57,13,64,60,39,73,26,0,31
Gene296,45,94,25,62,47,26,59,73,46,4
Gene297,90,75,36,53,0,22,21,29,99,29
Gene298,26,98,23,40,5,42,16,66,67,15
Gene299,47,92,98,51,89,12,66,63,57,9
Gene300,99,11,30,17,36,17,70,17,52,38
Gene301,28,70,96,70,1,8,91,77,18,16
Gene302,61,80,83,64,87,86,99,59,66,66
Gene303,32,82,92,43,90,32,7,42,7,89
Gene304,98,6,23,93,86,48,87,68,51,97
Gene305,63,22,29,51,36,14,82,10,49,36
Gene306,7,8,43,73,27,13,100,42,1,100
Gene307,22,88,39,20,78,20,21,28,36,97
Gene308,96,62,95,32,90,41,18,100,69,3
Gene309,99,18,50,21,92,7,53,44,60,91
Gene310,28,72,92,78,93,41,68,1,75,69
Gene311,21,26,89,88,0,45,69,26,38,95
Gene312,90,57,70,40,49,46,34,30,18,78
Gene313,88,63,8,1,14,62,80,74,51,53
Gene314,8,9,32,70,80,2,63,26,32,14
Gene315,84,44,56,28,15,68,42,27,22,54
Gene316,0,59,6,86,88,93,10,71,18,100
Gene317,84,94,91,0,33,97,35,10,97,11
Gene318,80,28,11,59,90,96,76,5,79,95
Gene319,94,31,85,6,30,7,100,43,23,12
Gene320,55,39,91,68,35,99,27,97,46,20
Gene321,64,55,72,90,86,37,33,20,58,54
Gene322,89,24,95,12,1,68,16,14,48,3
Gene323,51,100,46,45,11,100,31,12,30,54
Gene324,42,3,24,62,21,65,14,35,39,49
Gene325,95,96,14,97,70,17,97,96,73,63
Gene326,16,50,55,85,10,7,47,34,79,96
Gene327,18,88,91,3,66,18,27,77,17,27
Gene328,18,96,7,32,97,87,60,34,60,20
Gene329,94,7,9,55,44,5,77,69,56,0
Gene330,53,75,77,0,38,24,3,54,95,12
Gene331,18,31,63,64,39,100,77,58,63,72
Gene332,36,39,51,2,27,1,4,75,49,100
Gene333,90,16,61,18,72,44,50,42,94,70
Gene334,77,40,81,42,63,88,39,12,81,77
Gene335,100,34,99,70,32,50,63,8,43,76
Gene336,45,28,88,17,20,76,21,95,95,59
Gene337,49,27,17,52,25,10,100,53,52,50
Gene338,25,64,19,59,33,43,39,42,82,89
Gene339,98,47,35,23,13,85,90,96,78,21
Gene340,11,4,62,60,55,5,0,19,55,38
Gene341,11,14,47,31,7,1,88,15,70,65
Gene342,17,9,33,17,19,41,30,10,77,63
Gene343,60,56,98,100,14,85,75,31,29,51
Gene344,26,55,13,50,20,72,71,91,20,18
Gene345,81,2,83,6,50,100,48,94,100,55
Gene346,14,52,44,3,90,72,26,94,7,1
Gene347,50,13,50,82,76,1,95,33,63,63
Gene348,62,23,16,31,1,50,79,19,62,90
Gene349,43,11,49,15,63,16,31,22,96,27
Gene350,25,28,53,9,47,28,23,63,94,85
Gene351,53,15,98,1,15,46,17,38,68,36
Gene352,74,81,11,49,98,67,96,82,90,20
Gene353,5,79,48,20,13,85,60,46,74,45
Gene354,39,46,91,15,72,78,76,35,14,46
Gene355,76,5,74,87,49,71,26,0,70,0
Gene356,1,56,18,61,73,5,17,50,15,42
Gene357,37,24,18,42,72,60,84,19,58,8
Gene358,8,21,69,74,85,87,16,85,81,24
Gene359,56,31,94,44,56,98,17,18,88,24
Gene360,4,81,96,58,95,89,86,60,12,24
Gene361,82,82,26,49,28,87,77,34,16,2
Gene362,70,60,86,70,40,2,97,70,32,94
Gene363,93,13,76,56,99,7,51,6,80,61
Gene364,81,4,64,74,62,80,36,34,75,30
Gene365,25,45,68,45,79,32,17,37,97,10
Gene366,11,6,27,8,25,32,80,26,21,69
Gene367,24,69,47,46,90,69,0,5,87,75
Gene368,62,15,47,87,99,79,50,92,28,97
Gene369,90,48,97,18,94,22,1,83,53,70
Gene370,74,87,88,68,4,94,61,12,91,82
Gene371,40,3,62,8,43,80,22,0,26,52
Gene372,40,16,18,31,87,92,52,64,40,17
Gene373,84,61,46,96,26,73,44,35,67,85
Gene374,5,74,58,22,69,68,18,3,67,32
Gene375,63,94,25,66,77,2,85,17,35,52
Gene376,74,37,50,3,65,20,30,99,84,9
Gene377,10,99,23,24,39,7,87,28,16,24
Gene378,2,14,66,46,20,45,21,94,14,70
Gene379,61,88,50,46,48,6,38,77,46,67
Gene380,1,32,43,72,90,54,18,22,2,86
Gene381,57,74,33,2,85,25,94,57,4,73
Gene382,42,90,43,58,31,54,33,77,13,29
Gene383,60,51,59,79,56,5,84,21,7,34
Gene384,76,26,15,41,40,97,30,69,59,29
Gene385,63,71,39,0,31,77,72,12,9,34
Gene386,80,52,55,88,64,72,75,68,13,13
Gene387,28,69,93,51,96,22,82,17,94,94
Gene388,40,72,37,34,100,51,86,30,5,26
Gene389,24,3,10,69,80,98,69,20,26,29
Gene390,78,43,33,11,52,66,23,21,98,72
Gene391,25,4,6,12,79,78,53,58,11,32
Gene392,23,74,15,100,21,21,28,94,14,69
Gene393,0,50,69,47,13,10,90,66,78,57
Gene394,93,46,36,79,48,13,45,53,96,91
Gene395,94,81,85,49,59,92,7,95,97,95
Gene396,64,31,38,41,78,11,2,88,91,52
Gene397,26,56,23,17,10,70,51,37,63,99
Gene398,5,22,74,92,59,26,36,31,50,50
Gene399,43,91,26,71,23,27,49,94,90,11
Gene400,60,64,53,94,89,77,76,12,19,40
Gene401,15,34,79,31,1,69,57,26,5,54
Gene402,86,37,93,6,66,68,93,81,38,65
Gene403,12,2,90,83,45,11,13,74,67,6
Gene404,49,97,51,62,14,57,80,84,6,36
Gene405,79,21,4,50,61,75,19,58,69,47
Gene406,78,29,52,86,31,65,12,61,21,61
Gene407,44,12,7,10,28,82,76,74,23,95
Gene408,3,48,67,22,63,74,47,90,15,88
Gene409,73,53,48,84,23,18,90,76,62,84
Gene410,88,71,98,45,53,91,44,75,5,77
Gene411,100,93,47,41,64,80,76,6,79,99
Gene412,39,88,32,49,40,54,44,26,98,30
Gene413,52,90,12,23,30,60,74,30,8,8
Gene414,66,69,16,52,24,52,65,81,28,88
Gene415,21,95,10,56,84,41,97,98,94,81
Gene416,99,49,81,11,55,15,77,1,88,98
Gene417,84,3,25,95,8,64,70,20,66,90
Gene418,47,89,61,32,8,47,66,17,28,95
Gene419,81,46,10,61,33,63,84,65,26,2
Gene420,62,24,36,59,76,97,65,10,71,27
Gene421,31,79,21,73,76,0,89,9,94,40
Gene422,10,10,65,0,58,45,74,9,62,91
Gene423,23,65,47,54,90,40,42,51,94,92
Gene424,3,96,99,100,27,37,36,84,64,86
Gene425,100,67,52,74,37,60,17,54,47,4
Gene426,35,24,26,89,56,9,10,21,32,75
Gene427,43,11,15,37,92,98,1,62,56,77
Gene428,54,100,31,18,46,24,1,56,86,37
Gene429,53,84,40,67,76,50,98,95,45,11
Gene430,30,40,71,18,46,30,19,25,68,33
Gene431,64,30,38,75,91,71,67,71,18,75
Gene432,4,62,44,41,74,58,95,3,45,79
Gene433,48,5,57,44,39,49,72,47,90,0
Gene434,27,9,20,52,82,60,75,21,51,61
Gene435,84,25,77,0,96,43,25,19,50,70
Gene436,39,53,96,69,66,50,41,79,55,26
Gene437,47,25,29,10,99,76,64,34,7,58
Gene438,33,90,79,40,88,10,84,36,14,97
Gene439,47,20,66,69,34,43,41,51,25,80
Gene440,77,31,25,14,17,72,69,84,4,34
Gene441,48,48,65,88,34,16,49,24,3,33
Gene442,96,53,15,25,90,44,21,63,89,0
Gene443,5,13,55,57,51,22,39,70,99,59
Gene444,87,94,27,20,73,62,20,44,84,58
Gene445,49,85,97,98,82,63,91,53,71,92
Gene446,78,40,22,55,33,75,17,47,30,18
Gene447,24,14,69,23,50,17,78,45,93,31
Gene448,29,61,19,59,82,80,83,75,95,35
Gene449,12,57,50,86,58,36,42,25,98,70
Gene450,77,62,60,43,38,94,54,94,86,55
Gene451,42,94,2,19,61,49,20,93,73,44
Gene452,2,42,14,87,1,82,94,18,77,8
Gene453,27,82,27,8,35,5,98,21,7,97
Gene454,81,41,65,32,9,56,2,69,27,9
Gene455,69,65,51,83,76,12,65,52,24,44
Gene456,10,11,84,47,78,16,90,97,58,4
Gene457,6,69,15,38,68,0,56,85,61,28
Gene458,64,63,51,19,50,0,85,14,98,26
Gene459,4,60,32,40,65,92,43,22,19,27
Gene460,21,76,34,49,34,94,51,0,44,22
Gene461,95,28,8,36,86,99,39,36,27,81
Gene462,68,93,47,10,22,84,60,28,4,91
Gene463,35,43,13,6,96,91,58,83,74,18
Gene464,82,79,9,68,1,58,76,99,14,69
Gene465,51,64,79,75,81,66,99,82,84,89
Gene466,51,11,100,39,5,21,87,25,63,3
Gene467,21,72,67,42,52,64,17,27,34,65
Gene468,42,82,38,80,52,38,98,89,58,64
Gene469,94,45,26,32,27,91,32,12,31,46
Gene470,49,92,78,98,78,29,94,32,39,41
Gene471,7,95,41,94,83,3,92,50,31,93
Gene472,13,60,28,2,99,23,46,53,77,11
Gene473,76,10,10,51,30,65,85,41,39,91
Gene474,2,45,18,36,28,26,5,84,50,15
Gene475,92,43,72,74,9,62,35,96,37,97
Gene476,96,2,82,7,22,83,85,65,89,98
Gene477,81,8,24,14,55,61,4,60,53,93
Gene478,54,84,59,59,94,99,44,42,92,39
Gene479,15,20,55,87,75,14,46,81,86,27
Gene480,57,46,20,74,33,80,29,90,41,87
Gene481,95,77,55,55,86,91,43,74,90,8
Gene482,62,79,70,92,10,79,43,43,57,95
Gene483,6,41,79,23,99,17,23,61,84,64
Gene484,49,63,4,91,11,96,87,6,100,84
Gene485,6,64,64,63,3,36,81,38,16,26
Gene486,28,72,52,9,2,15,21,74,44,77
Gene487,53,42,74,64,57,65,86,21,50,57
Gene488,77,66,75,22,86,10,26,33,60,7
Gene489,74,5,88,7,21,38,9,66,67,21
Gene490,23,41,87,15,57,26,29,64,36,52
Gene491,13,14,75,81,82,52,73,67,86,84
Gene492,70,17,23,3,90,45,82,53,27,81
Gene493,98,6,9,33,75,56,30,83,56,65
Gene494,14,46,23,2,24,95,93,14,42,49
Gene495,5,23,95,12,99,51,16,33,80,39
Gene496,2,91,12,3,19,70,12,61,15,36
Gene497,71,63,4,19,18,91,5,21,64,91
Gene498,69,29,50,6,58,40,2,89,59,3
Gene499,1,33,20,21,33,100,2,70,40,85
Gene500,90,22,91,97,6,41,25,67,60,39
Gene501,25,32,94,19,33,15,48,3,75,40
Gene502,54,85,87,92,67,49,42,18,69,54
Gene503,6,73,43,21,58,40,19,64,21,3
Gene504,5,71,12,95,80,12,27,58,78,85
Gene505,15,4,7,54,0,3,26,33,88,99
Gene506,45,94,31,33,46,82,64,86,67,31
Gene507,14,15,11,31,16,28,28,92,22,42
Gene508,42,93,49,43,25,9,98,91,37,17
Gene509,88,86,40,51,33,43,47,11,43,45
Gene510,71,2,76,54,85,12,61,49,17,62
Gene511,71,16,23,26,67,57,84,36,86,16
Gene512,60,92,22,48,57,53,25,17,20,72
Gene513,24,32,73,19,42,49,99,49,61,31
Gene514,67,78,97,71,97,68,53,57,76,49
Gene515,27,13,10,0,70,60,7,91,66,47
Gene516,59,71,46,89,21,62,65,9,17,91
Gene517,92,26,94,26,21,55,27,77,49,7
Gene518,92,83,88,77,32,56,12,93,65,30
Gene519,57,92,41,97,65,12,60,7,39,73
Gene520,83,82,56,74,74,86,70,60,16,19
Gene521,96,26,80,50,36,9,12,83,28,53
Gene522,78,33,96,68,80,30,24,20,36,53
Gene523,3,28,33,91,92,9,67,0,94,60
Gene524,20,17,93,24,61,29,40,72,74,60
Gene525,94,16,99,88,69,3,73,15,24,37
Gene526,34,97,52,78,34,15,12,16,37,0
Gene527,80,63,4,71,35,33,19,13,26,62
Gene528,63,77,49,18,43,99,93,56,39,10
Gene529,97,4,3,64,84,71,40,50,76,32
Gene530,26,97,78,95,60,34,71,63,43,88
Gene531,92,52,66,77,46,1,31,10,51,18
Gene532,25,71,44,22,100,59,34,45,6,75
Gene533,49,3,11,49,42,77,15,54,32,75
Gene534,10,3,76,74,48,91,14,89,45,59
Gene535,7,8,82,4,84,14,34,65,63,80
Gene536,14,49,42,99,53,10,1,42,5,79
Gene537,97,90,95,5,94,81,16,27,94,46
Gene538,57,2,74,97,32,70,97,79,8,69
Gene539,53,39,69,79,81,95,44,58,61,41
Gene540,39,51,100,32,80,20,9,11,27,85
Gene541,44,65,65,29,68,49,94,86,15,52
Gene542,24,27,77,31,18,72,97,71,53,73
Gene543,70,14,85,68,36,5,29,81,60,50
Gene544,76,46,32,16,13,100,26,1,58,5
Gene545,62,48,58,69,82,60,6,83,99,52
Gene546,23,49,42,4,14,92,99,81,60,9
Gene547,9,39,74,66,57,52,9,10,19,79
Gene548,29,5,93,95,11,72,80,76,70,90
Gene549,97,80,12,86,19,0,30,16,78,62
Gene550,48,37,93,25,79,39,68,61,54,59
Gene551,67,14,1,65,65,2,79,87,72,16
Gene552,5,35,28,9,97,15,64,17,56,42
Gene553,87,65,85,58,18,93,70,47,52,20
Gene554,68,12,73,57,95,41,72,91,68,62
Gene555,51,5,91,68,75,45,78,79,0,36
Gene556,77,55,4,50,32,81,16,32,49,50
Gene557,14,73,94,72,70,86,14,66,32,46
Gene558,83,62,17,84,62,24,12,34,44,24
Gene559,79,91,10,84,95,36,95,12,80,2
Gene560,70,98,20,41,81,71,45,7,14,4
Gene561,87,60,35,48,18,72,75,60,19,28
Gene562,45,74,2,43,7,4,68,91,56,64
Gene563,29,74,43,96,22,81,90,67,76,39
Gene564,84,38,38,72,6,13,52,75,56,29
Gene565,7,33,55,50,45,18,79,61,7,95
Gene566,37,13,86,34,52,33,61,43,86,94
Gene567,76,54,38,70,16,98,51,89,63,29
Gene568,41,8,43,44,90,98,70,1,65,63
Gene569,59,65,82,12,49,32,14,65,84,95
Gene570,93,55,32,60,49,3,93,93,4,98
Gene571,29,5,80,96,9,47,56,20,13,3
Gene572,100,81,83,50,68,54,56,61,59,42
Gene573,9,28,90,18,66,85,36,0,65,16
Gene574,29,16,55,36,58,71,11,14,49,57
Gene575,8,72,29,69,24,27,55,82,64,83
Gene576,63,43,40,33,90,54,97,2,27,98
Gene577,2,13,4,46,98,22,18,90,77,27
Gene578,76,56,26,10,18,88,72,0,7,64
Gene579,40,73,42,59,26,24,1,50,9,91
Gene580,12,31,61,13,60,7,15,53,42,3
Gene581,43,11,45,5,89,93,16,53,57,57
Gene582,16,52,87,1,67,60,18,67,22,95
Gene583,17,64,49,27,62,41,99,15,51,90
Gene584,21,13,82,98,3,40,90,4,43,90
Gene585,65,42,79,21,9,38,59,26,71,43
Gene586,2,25,82,96,12,3,70,19,72,51
Gene587,26,11,83,16,53,44,11,33,22,19
Gene588,47,95,88,74,33,26,3,16,39,42
Gene589,92,1,100,25,11,68,69,95,74,0
Gene590,30,22,76,73,45,38,90,38,45,84
Gene591,84,8,59,59,48,28,36,79,40,7
Gene592,63,36,30,38,25,39,17,95,85,98
Gene593,20,8,70,30,12,68,94,75,73,34
Gene594,50,58,97,23,77,11,26,0,71,13
Gene595,37,0,15,28,18,29,27,17,27,96
Gene596,29,34,41,38,92,58,25,37,64,88
Gene597,60,96,77,9,97,92,27,58,26,21
Gene598,7,57,98,85,0,28,100,39,59,18
Gene599,93,35,0,57,9,55,90,63,38,75
Gene600,90,79,86,7,4,21,9,69,34,74
Gene601,99,9,16,16,23,92,83,54,5,7
Gene602,88,3,82,23,54,20,57,37,11,63
Gene603,9,22,36,89,15,51,8,11,84,16
Gene604,43,85,34,11,45,99,38,40,85,85
Gene605,54,38,59,19,100,35,53,85,20,1
Gene606,17,74,87,89,63,48,100,93,11,4
Gene607,57,92,72,20,22,41,8,97,36,44
Gene608,47,50,65,42,36,38,75,67,20,89
Gene609,77,38,82,30,82,53,12,24,92,10
Gene610,0,35,24,76,57,96,83,75,21,59
Gene611,12,69,46,27,68,47,4,47,10,43
Gene612,93,41,46,90,80,2,81,46,50,92
Gene613,2,48,84,81,75,0,43,46,76,74
Gene614,61,43,27,5,0,32,93,65,59,32
Gene615,43,13,16,88,63,94,28,39,42,22
Gene616,34,4,59,67,97,43,11,22,17,76
Gene617,23,70,34,79,10,80,59,66,0,48
Gene618,2,70,34,36,58,98,61,60,81,68
Gene619,49,55,24,100,2,89,21,98,18,50
Gene620,69,5,65,1,77,90,11,75,45,32
Gene621,21,99,97,95,9,98,50,91,65,35
Gene622,51,1,5,66,72,74,37,42,35,97
Gene623,99,47,10,3,0,58,20,43,1,65
Gene624,91,51,12,39,62,7,15,93,43,2
Gene625,93,7,69,2,4,52,38,38,61,100
Gene626,41,24,51,50,54,21,46,53,4,45
Gene627,100,74,76,11,80,12,79,46,9,64
Gene628,40,40,80,9,89,24,48,48,48,53
Gene629,16,87,76,35,50,99,53,53,79,94
Gene630,4,6,94,54,12,59,10,29,83,58
Gene631,74,65,88,96,18,26,67,42,33,90
Gene632,69,63,49,43,93,81,61,30,87,78
Gene633,57,68,16,67,11,37,58,76,17,17
Gene634,4,29,54,25,66,65,60,97,65,29
Gene635,48,71,26,19,64,2,35,82,96,57
Gene636,60,27,59,32,44,82,13,12,87,15
Gene637,46,11,30,77,83,60,51,84,61,15
Gene638,92,23,38,58,90,25,16,13,24,37
Gene639,44,73,62,62,66,10,16,37,51,99
Gene640,73,29,30,59,2,24,26,74,3,31
Gene641,30,56,54,87,17,52,80,94,68,19
Gene642,17,97,0,94,44,85,75,93,98,0
Gene643,51,36,45,20,54,12,83,46,40,32
Gene644,10,27,58,75,29,30,45,2,74,90
Gene645,89,4,57,37,33,84,27,84,57,52
Gene646,58,81,69,31,10,34,41,5,15,79
Gene647,50,30,80,67,7,57,83,61,1,90
Gene648,83,82,92,78,54,38,9,55,82,97
Gene649,74,47,98,9,100,56,47,10,14,25
Gene650,65,23,29,65,62,72,37,86,51,6
Gene651,15,100,34,64,64,100,43,23,54,43
Gene652,47,57,21,72,51,7,11,88,25,8
Gene653,18,14,12,27,21,55,37,55,17,56
Gene654,64,100,63,6,54,14,95,9,18,67
Gene655,94,6,25,23,7,40,2,99,44,20
Gene656,69,88,68,18,23,49,30,89,86,54
Gene657,7,73,20,18,41,65,57,97,100,37
Gene658,13,89,82,15,67,79,75,26,24,29
Gene659,6,71,1,29,80,7,81,26,78,5
Gene660,23,96,87,50,74,43,80,70,21,56
Gene661,27,25,15,75,50,45,78,42,78,47
Gene662,47,10,32,100,15,76,75,78,47,44
Gene663,52,42,23,83,88,91,51,0,54,67
Gene664,89,9,36,43,12,97,16,46,82,94
Gene665,46,30,7,65,3,89,59,88,16,19
Gene666,27,64,73,69,16,52,99,93,63,12
Gene667,42,78,53,73,19,51,72,14,83,11
Gene668,34,83,8,100,96,5,87,45,84,29
Gene669,0,81,51,42,75,21,11,24,52,72
Gene670,25,20,74,61,49,59,32,53,50,22
Gene671,73,68,62,95,53,92,7,13,98,4
Gene672,60,2,86,91,85,73,65,72,81,50
Gene673,70,90,14,100,9,97,53,19,52,45
Gene674,69,45,13,1,0,28,96,8,28,73
Gene675,91,4,67,88,28,83,97,88,4,5
Gene676,72,9,84,50,89,43,13,44,60,14
Gene677,48,17,42,78,81,40,29,68,24,99
Gene678,59,65,20,64,94,59,68,21,39,43
Gene679,77,75,48,35,73,99,51,51,36,49
Gene680,13,68,24,88,43,63,10,94,11,33
Gene681,40,10,41,61,95,91,90,8,1,7
Gene682,68,61,75,34,100,62,68,52,63,32
Gene683,12,68,74,73,22,55,39,11,83,18
Gene684,78,93,26,7,63,0,53,39,80,74
Gene685,43,33,12,89,60,84,36,20,63,52
Gene686,84,15,95,1,24,27,89,71,74,41
Gene687,21,75,60,26,84,54,85,83,26,43
Gene688,59,26,24,67,64,68,3,62,26,99
Gene689,95,62,16,6,74,90,8,49,97,17
Gene690,46,27,99,28,66,8,98,96,29,56
Gene691,59,63,38,66,1,34,14,30,37,52
Gene692,16,13,26,4,89,83,16,85,55,79
Gene693,75,59,34,30,28,32,20,74,22,31
Gene694,47,43,92,82,27,32,96,12,1,53
Gene695,5,1,75,88,5,23,9,65,56,41
Gene696,95,25,10,77,72,2,28,70,76,79
Gene697,95,48,100,21,54,99,21,58,7,98
Gene698,46,46,98,49,100,90,82,14,57,6
Gene699,70,78,87,81,58,72,8,20,94,46
Gene700,67,89,15,22,43,43,4,23,58,78
Gene701,97,52,14,63,4,34,78,50,74,57
Gene702,58,41,34,31,35,94,98,50,92,35
Gene703,90,52,83,97,52,65,41,52,91,73
Gene704,93,82,80,2,13,85,39,99,42,88
Gene705,62,43,56,63,16,96,75,14,3,90
Gene706,80,40,4,17,76,41,53,55,84,43
Gene707,68,1,24,12,73,76,86,30,6,57
Gene708,37,42,21,87,47,66,71,16,72,22
Gene709,82,83,59,26,71,60,5,16,55,89
Gene710,97,55,80,23,71,93,16,29,23,67
Gene711,67,58,31,5,71,99,99,17,42,60
Gene712,65,25,69,37,29,7,3,34,96,29
Gene713,78,30,22,32,40,100,12,15,31,58
Gene714,73,34,56,21,13,41,11,35,41,99
Gene715,1,10,67,68,1,67,81,19,91,0
Gene716,68,23,78,75,37,12,5,95,79,96
Gene717,82,24,41,45,54,4,54,36,65,55
Gene718,88,66,17,36,34,51,15,82,75,93
Gene719,67,31,6,99,44,9,80,44,60,6
Gene720,23,5,67,48,23,32,90,66,59,60
Gene721,8,87,52,63,6,47,62,70,56,19
Gene722,66,72,95,77,7,63,55,12,30,68
Gene723,19,69,85,57,84,6,6,0,65,97
Gene724,53,24,26,20,85,14,36,100,77,47
Gene725,36,83,15,14,12,54,72,53,24,65
Gene726,73,15,30,87,95,83,53,53,30,60
Gene727,51,54,23,74,68,89,0,3,8,50
Gene728,41,17,55,44,87,39,60,93,57,57
Gene729,44,76,87,81,12,85,0,41,17,25
Gene730,51,94,6,43,44,33,56,75,72,25
Gene731,1,67,47,41,11,8,87,86,13,64
Gene732,4,52,83,6,54,40,35,37,96,47
Gene733,84,48,7,19,1,11,16,55,59,47
Gene734,50,4,89,64,46,32,75,51,39,51
Gene735,4,66,18,11,50,100,94,83,5,90
Gene736,12,69,10,43,1,41,28,78,12,57
Gene737,17,51,5,63,93,5,95,77,55,100
Gene738,26,29,98,26,38,98,50,68,51,26
Gene739,32,13,25,72,9,43,85,84,20,6
Gene740,39,57,17,71,49,60,33,25,94,34
Gene741,40,85,25,97,70,3,27,92,78,58
Gene742,14,10,0,27,14,42,6,69,91,73
Gene743,90,83,85,17,4,40,26,15,78,42
Gene744,71,8,67,35,21,78,29,31,7,77
Gene745,46,71,41,2,16,57,82,91,66,32
Gene746,44,39,17,48,54,8,44,1,16,45
Gene747,65,81,14,27,96,92,0,56,17,82
Gene748,30,79,65,16,75,75,89,37,25,9
Gene749,1,2,61,4,100,86,67,34,77,31
Gene750,12,18,64,14,45,14,98,80,86,96
Gene751,58,10,90,38,51,52,7,36,15,40
Gene752,89,1,31,90,71,25,82,23,6,5
Gene753,9,23,56,14,7,5,8,95,23,11
Gene754,96,71,98,82,96,77,94,64,67,76
Gene755,72,35,1,11,15,37,100,41,73,55
Gene756,72,75,47,75,19,60,99,65,31,31
Gene757,76,68,24,7,22,43,93,37,12,26
Gene758,64,31,21,3,14,20,16,29,14,44
Gene759,39,75,100,33,30,18,93,2,72,46
Gene760,34,75,14,15,99,40,86,88,74,72
Gene761,24,90,3,73,56,68,53,4,74,54
Gene762,22,50,69,94,38,39,71,77,95,14
Gene763,17,67,10,38,92,81,63,77,23,88
Gene764,17,37,8,29,70,60,75,44,37,7
Gene765,73,70,52,63,6,72,48,99,10,32
Gene766,0,58,13,74,97,29,35,55,67,49
Gene767,6,39,61,50,62,2,43,11,54,6
Gene768,2,29,55,80,38,34,8,33,19,42
Gene769,63,65,58,44,24,8,49,95,7,45
Gene770,61,12,69,50,57,1,66,92,58,80
Gene771,42,0,18,6,78,85,36,61,59,16
Gene772,84,60,99,75,98,51,23,34,64,23
Gene773,96,83,20,77,85,24,100,57,32,63
Gene774,95,84,93,12,63,9,23,51,97,75
Gene775,17,53,55,96,2,60,22,25,92,49
Gene776,35,57,28,35,41,99,21,47,79,35
Gene777,0,99,86,15,21,21,34,0,90,15
Gene778,44,2,83,26,15,26,48,82,1,83
Gene779,85,78,74,96,15,86,7,31,22,20
Gene780,48,81,63,95,28,62,6,32,52,49
Gene781,44,83,26,77,28,66,38,80,40,38
Gene782,40,28,84,46,47,52,75,55,84,67
Gene783,43,73,65,94,35,50,38,6,50,61
Gene784,18,50,7,19,48,5,60,69,92,2
Gene785,28,5,41,72,76,84,2,57,56,35
Gene786,62,52,58,96,38,72,81,45,84,61
Gene787,32,14,4,42,14,48,27,30,47,67
Gene788,80,84,94,11,2,86,15,100,26,90
Gene789,72,0,19,97,55,98,72,78,50,43
Gene790,47,13,97,69,49,45,80,69,2,0
Gene791,55,50,45,72,87,25,5,4,52,4
Gene792,41,56,65,49,68,95,78,10,82,79
Gene793,51,67,34,0,51,56,19,94,47,95
Gene794,49,64,100,49,39,41,72,42,72,19
Gene795,92,27,56,53,69,20,96,4,38,56
Gene796,1,34,63,46,89,76,50,66,53,90
Gene797,8,87,34,14,86,54,27,74,10,67
Gene798,85,85,27,42,32,96,54,0,31,12
Gene799,55,31,56,71,26,30,97,54,83,96
Gene800,70,38,28,40,33,47,28,44,59,47
Gene801,43,35,65,53,4,93,54,68,52,70
Gene802,30,39,57,29,31,59,49,67,92,94
Gene803,34,34,0,40,93,95,12,52,61,57
Gene804,50,27,51,72,67,99,11,42,65,78
Gene805,24,96,37,75,46,34,37,72,43,42
Gene806,65,11,70,46,51,64,52,90,96,71
Gene807,65,60,88,48,78,1,76,34,0,76
Gene808,7,90,62,72,74,77,5,53,44,81
Gene809,16,33,5,25,23,42,86,31,82,76
Gene810,93,24,84,20,65,55,44,1,70,60
Gene811,46,47,67,100,18,22,55,96,39,60
Gene812,93,57,64,2,85,1,88,72,77,49
Gene813,17,50,5,72,58,76,73,66,14,75
Gene814,24,91,75,44,91,8,71,76,49,50
Gene815,54,30,5,98,83,63,78,22,9,27
Gene816,23,70,26,51,39,60,68,44,8,35
Gene817,70,98,1,30,100,32,74,46,72,19
Gene818,4,11,67,77,59,85,98,48,62,25
Gene819,69,94,3,16,85,18,42,93,18,69
Gene820,38,80,82,63,36,86,33,28,11,43
Gene821,83,29,40,32,1,5,79,53,65,58
Gene822,48,50,64,55,76,71,93,21,58,88
Gene823,82,77,53,80,75,45,55,83,27,57
Gene824,13,28,55,1,31,36,13,48,100,83
Gene825,14,17,26,50,33,83,29,2,46,52
Gene826,40,51,8,88,37,72,63,90,0,76
Gene827,39,47,44,100,60,97,85,61,80,94
Gene828,33,46,99,68,14,76,9,38,84,94
Gene829,11,54,3,56,81,93,73,36,11,61
Gene830,52,18,23,50,86,69,99,65,82,36
Gene831,93,15,27,25,70,27,30,67,74,65
Gene832,30,53,35,80,72,38,83,24,11,5
Gene833,0,80,81,27,37,83,67,24,7,65
Gene834,58,53,80,50,56,30,45,16,55,67
Gene835,84,27,79,12,97,85,51,32,65,29
Gene836,95,9,14,27,89,39,17,85,11,13
Gene837,32,42,96,65,82,44,34,79,37,0
Gene838,72,99,97,46,39,30,35,97,67,1
Gene839,44,93,0,69,3,2,7,6,41,43
Gene840,21,84,56,13,74,19,66,2,89,54
Gene841,8,53,73,32,78,15,8,28,33,66
Gene842,31,45,7,27,77,4,11,69,66,92
Gene843,83,30,0,91,41,8,55,56,25,30
Gene844,58,18,67,48,82,0,78,48,42,17
Gene845,87,74,12,85,9,67,90,79,59,31
Gene846,89,79,97,76,77,58,91,96,48,23
Gene847,52,36,66,67,11,60,84,60,72,77
Gene848,53,14,76,35,60,67,68,20,98,24
Gene849,9,42,79,85,51,34,88,50,85,26
Gene850,31,19,20,37,48,54,89,81,16,62
Gene851,57,1,96,7,46,38,82,80,46,47
Gene852,49,79,24,82,88,43,0,36,26,89
Gene853,18,81,5,74,82,36,29,63,36,5
Gene854,38,68,49,64,81,7,58,70,69,22
Gene855,14,100,81,25,69,85,4,90,93,4
Gene856,26,29,8,56,22,39,50,47,32,44
Gene857,19,3,97,19,34,58,100,74,46,43
Gene858,99,75,45,85,40,14,35,2,40,9
Gene859,61,42,86,47,57,14,89,98,52,46
Gene860,16,9,15,13,59,83,31,60,77,50
Gene861,83,23,17,95,77,27,3,80,13,33
Gene862,49,89,82,100,25,1,42,57,48,42
Gene863,85,83,65,18,30,69,50,64,70,99
Gene864,62,33,79,75,3,52,59,31,72,52
Gene865,58,99,53,98,23,5,61,80,97,78
Gene866,34,80,63,51,24,78,68,0,81,90
Gene867,54,40,88,27,14,92,11,70,80,51
Gene868,32,60,73,19,38,65,92,68,100,38
Gene869,76,13,3,17,30,21,66,89,61,8
Gene870,25,5,32,19,73,43,78,46,65,58
Gene871,24,24,54,30,80,76,78,75,7,94
Gene872,19,60,55,85,71,26,52,15,79,48
Gene873,38,82,23,83,37,29,20,9,62,88
Gene874,49,66,48,79,78,79,91,31,89,10
Gene875,16,70,22,68,27,36,44,5,16,28
Gene876,36,84,4,35,50,30,57,48,3,15
Gene877,32,7,39,96,98,58,35,9,52,85
Gene878,16,96,56,65,84,25,57,74,27,79
Gene879,5,5,91,77,89,9,53,39,37,58
Gene880,27,98,26,66,76,11,56,32,11,20
Gene881,46,26,47,85,27,27,42,31,15,45
Gene882,84,93,29,64,57,9,95,54,88,95
Gene883,12,98,89,11,18,44,13,44,52,54
Gene884,37,60,72,3,21,5,70,32,32,62
Gene885,33,20,48,87,58,12,83,38,75,29
Gene886,62,89,24,4,2,29,32,55,19,83
Gene887,17,19,87,23,66,57,64,68,70,76
Gene888,63,55,30,15,90,35,79,26,53,60
Gene889,58,96,21,42,82,79,85,68,35,75
Gene890,52,92,60,12,53,4,34,56,71,42
Gene891,48,12,27,20,13,50,73,41,48,94
Gene892,84,48,100,1,67,99,49,11,7,88
Gene893,56,12,92,26,6,62,48,19,26,3
Gene894,98,40,28,75,11,44,79,19,80,5
Gene895,4,23,83,67,36,26,53,63,33,97
Gene896,83,76,61,7,70,77,41,22,76,39
Gene897,52,92,4,4,59,77,81,19,20,73
Gene898,25,65,63,1,1,14,67,21,51,21
Gene899,30,6,3,13,40,58,7,26,24,9
Gene900,16,97,34,14,36,8,98,28,3,19
Gene901,73,44,83,61,83,65,34,3,41,25
Gene902,98,56,33,1,72,54,57,52,51,34
Gene903,87,2,18,62,83,58,68,54,26,51
Gene904,0,76,25,63,100,57,44,77,10,75
Gene905,75,52,66,30,66,42,93,96,48,45
Gene906,79,21,40,73,98,34,24,63,34,43
Gene907,70,24,76,25,67,21,70,13,36,4
Gene908,93,14,60,89,10,12,37,97,29,69
Gene909,33,50,80,45,42,11,70,58,7,98
Gene910,3,65,87,57,69,4,32,11,63,96
Gene911,75,56,99,0,75,29,20,21,41,3
Gene912,19,75,26,73,8,82,5,39,73,14
Gene913,38,55,55,15,59,50,10,72,59,69
Gene914,44,36,98,61,97,9,34,76,83,4
Gene915,2,10,74,43,80,13,49,98,27,0
Gene916,3,27,53,9,29,26,82,42,79,1
Gene917,62,100,59,57,2,72,4,55,42,100
Gene918,57,85,41,59,99,80,54,36,84,45
Gene919,14,79,15,90,35,84,42,42,2,46
Gene920,26,84,10,29,60,89,51,15,43,78
Gene921,34,7,37,21,64,48,85,88,29,2
Gene922,71,99,39,26,12,42,15,40,33,13
Gene923,98,89,87,98,25,32,23,16,81,10
Gene924,90,63,47,100,47,60,17,63,24,58
Gene925,79,62,7,12,15,53,49,18,94,62
Gene926,52,28,34,74,54,57,67,62,9,58
Gene927,48,65,61,98,20,59,96,37,78,24
Gene928,73,31,70,13,65,54,93,68,46,11
Gene929,82,50,94,19,31,72,31,82,71,1
Gene930,58,22,25,77,69,12,2,66,61,36
Gene931,9,75,71,66,59,87,17,81,1,63
Gene932,29,98,16,24,27,66,39,51,88,49
Gene933,30,65,27,76,59,2,40,24,43,31
Gene934,63,56,74,26,43,36,70,18,63,69
Gene935,14,91,40,53,97,88,89,77,54,81
Gene936,1,58,65,41,71,34,9,77,97,52
Gene937,62,94,11,15,35,62,65,92,53,46
Gene938,69,32,43,5,81,73,31,18,11,6
Gene939,4,46,8,83,72,17,12,35,20,13
Gene940,43,49,49,58,59,47,56,50,8,93
Gene941,98,38,34,51,14,3,20,82,42,90
Gene942,12,48,84,46,61,55,47,89,3,27
Gene943,35,72,57,70,46,22,38,5,22,59
Gene944,18,20,91,79,57,20,33,15,75,27
Gene945,92,42,10,4,78,37,26,73,34,49
Gene946,64,17,63,15,86,56,8,32,58,87
Gene947,27,39,65,66,87,99,70,52,32,24
Gene948,83,33,43,35,20,38,70,92,5,54
Gene949,98,70,46,40,41,43,2,19,81,62
Gene950,88,47,7,28,55,44,58,66,60,74
Gene951,73,63,58,55,71,5,98,72,10,2
Gene952,51,7,24,95,32,87,69,76,53,37
Gene953,51,43,43,23,78,19,10,13,8,7
Gene954,100,48,50,34,42,9,37,92,69,98
Gene955,91,87,89,41,3,25,15,92,76,37
Gene956,91,80,95,38,54,74,68,46,6,63
Gene957,57,36,2,22,4,47,86,39,84,43
Gene958,87,99,55,76,76,82,90,60,15,62
Gene959,78,65,74,11,44,69,91,69,69,14
Gene960,89,9,55,85,55,21,68,60,92,74
Gene961,82,41,7,3,43,69,19,70,17,52
Gene962,85,57,52,96,77,28,70,54,72,70
Gene963,88,30,38,67,70,5,70,61,79,90
Gene964,57,72,73,1,19,44,46,21,18,69
Gene965,6,46,95,35,59,71,60,14,92,59
Gene966,6,69,50,1,25,37,32,25,91,51
Gene967,14,16,52,24,23,53,94,94,8,27
Gene968,76,27,56,70,47,72,26,88,75,83
Gene969,54,78,94,87,83,92,4,36,6,92
Gene970,13,51,4,34,81,89,39,61,40,28
Gene971,19,55,36,21,63,98,70,85,66,6
Gene972,62,32,60,34,43,34,67,40,32,53
Gene973,12,61,14,3,19,29,3,74,78,17
Gene974,25,87,83,11,100,60,9,47,11,70
Gene975,14,86,22,8,7,53,17,55,23,68
Gene976,8,3,81,51,92,67,43,2,44,66
Gene977,10,78,82,74,58,0,68,87,22,65
Gene978,78,70,85,46,49,28,28,12,71,3
Gene979,28,46,68,66,19,5,38,46,71,21
Gene980,100,62,25,46,45,35,14,56,97,96
Gene981,17,27,63,62,4,33,0,60,29,95
Gene982,11,5,97,2,35,3,44,48,33,17
Gene983,37,23,35,12,68,87,70,62,69,35
Gene984,18,33,0,44,8,86,82,36,45,25
Gene985,95,81,18,58,78,13,79,30,3,43
Gene986,92,9,54,38,41,62,95,43,22,38
Gene987,86,2,14,57,86,27,93,15,18,3
Gene988,85,95,89,45,93,88,6,21,19,86
Gene989,9,99,4,95,60,86,15,3,13,37
Gene990,47,30,47,82,13,77,58,88,93,49
Gene991,0,8,18,79,96,17,18,1,61,52
Gene992,8,38,16,39,85,37,47,45,33,86
Gene993,70,28,94,67,98,90,13,61,100,25
Gene994,25,3,22,64,61,8,98,81,44,93
Gene995,68,14,41,60,36,45,71,20,14,76
Gene996,12,24,45,16,84,85,29,22,44,38
Gene997,37,86,26,58,27,7,89,15,22,83
Gene998,70,55,92,61,22,87,99,60,8,63
Gene999,95,30,96,55,71,100,60,49,23,42
Gene1000,38,28,27,64,31,58,90,17,66,83
